id,category,question,ground_truth,in_corpus,source_doc,baseline_answer,baseline_correctness,baseline_correct_score,baseline_faithfulness,baseline_hallucinated,baseline_f1,baseline_latency_ms,rag_k3_answer,rag_k3_correctness,rag_k3_correct_score,rag_k3_faithfulness,rag_k3_hallucinated,rag_k3_f1,rag_k3_chunks_retrieved,rag_k3_top_score,rag_k3_latency_ms,rag_k3_retrieved_context,rag_k3_claim_status,rag_k3_verified_claims,rag_k3_unsupported_claims,rag_k3_citation_coverage_pct,rag_k5_answer,rag_k5_correctness,rag_k5_correct_score,rag_k5_faithfulness,rag_k5_hallucinated,rag_k5_f1,rag_k5_chunks_retrieved,rag_k5_top_score,rag_k5_latency_ms,rag_k5_retrieved_context,rag_loose_answer,rag_loose_correctness,rag_loose_correct_score,rag_loose_faithfulness,rag_loose_hallucinated,rag_loose_f1,rag_loose_chunks_retrieved,rag_loose_top_score,rag_loose_latency_ms,rag_loose_retrieved_context
Q01,Direct_Fact,"On what exact date did Apollo 11 land on the lunar surface, and in which lunar region?","Apollo 11 landed on July 20, 1969, in Tranquility Base (Mare Tranquillitatis).",True,apollo_11_mission,"Apollo 11 landed on July 20, 1969, in Tranquility Base.",Correct,1.0,1.0,0,0.9091,0.48,"Apollo 11 landed on the Moon on July 20, 1969, at Tranquility Base (Mare Tranquillitatis).",Correct,1.0,1.0,0,0.8462,3,0.6506,42.35,"[1] (apollo_11_mission.txt)
# Apollo 11 Mission Overview
Apollo 11 was the American spaceflight that first landed humans on the Moon. Commander Neil Armstrong and Lunar Module Pilot Buzz Aldrin landed the Apollo Lunar Module Eagle on July 20, 1969, at 20:17 UTC. Neil Armstrong became the first person to step onto the lunar surface six hours and 39 minutes later, on July 21 at 02:56 UTC. Aldrin joined him 19 minutes later. They spent about two hours and 15 minutes together outside the spacecraft in Tranquility Base.

[2] (chandrayaan_3_mission.txt)
ntre, the mission aimed to demonstrate safe soft landing and roving on the lunar surface.
On August 23, 2023, at 18:04 IST (12:34 UTC), the Vikram lander successfully touched down near the lunar south polar region at 69.37 degrees South latitude and 32.35 degrees East longitude (named Shiv Shakti Point). This made India the first nation to land successfully in the lunar south polar area and the fourth nation overall to achieve a soft lunar landing.

[3] (chandrayaan_3_mission.txt)
the lunar south polar area and the fourth nation overall to achieve a soft lunar landing.
The Pragyan rover was deployed shortly after landing and operated for one lunar day (approximately 14 Earth days), detecting sulfur, aluminum, calcium, iron, and titanium on the lunar surface using LIBS and APXS spectrometers.",uncertain,0,0,100.0,"Apollo 11 landed on the Moon on July 20, 1969, at Tranquility Base (Mare Tranquillitatis).",Correct,1.0,1.0,0,0.8462,5,0.6506,19.15,"[1] (apollo_11_mission.txt)
# Apollo 11 Mission Overview
Apollo 11 was the American spaceflight that first landed humans on the Moon. Commander Neil Armstrong and Lunar Module Pilot Buzz Aldrin landed the Apollo Lunar Module Eagle on July 20, 1969, at 20:17 UTC. Neil Armstrong became the first person to step onto the lunar surface six hours and 39 minutes later, on July 21 at 02:56 UTC. Aldrin joined him 19 minutes later. They spent about two hours and 15 minutes together outside the spacecraft in Tranquility Base.

[2] (chandrayaan_3_mission.txt)
ntre, the mission aimed to demonstrate safe soft landing and roving on the lunar surface.
On August 23, 2023, at 18:04 IST (12:34 UTC), the Vikram lander successfully touched down near the lunar south polar region at 69.37 degrees South latitude and 32.35 degrees East longitude (named Shiv Shakti Point). This made India the first nation to land successfully in the lunar south polar area and the fourth nation overall to achieve a soft lunar landing.

[3] (chandrayaan_3_mission.txt)
the lunar south polar area and the fourth nation overall to achieve a soft lunar landing.
The Pragyan rover was deployed shortly after landing and operated for one lunar day (approximately 14 Earth days), detecting sulfur, aluminum, calcium, iron, and titanium on the lunar surface using LIBS and APXS spectrometers.

[4] (artemis_program_overview.txt)
ding Systems (such as SpaceX Starship HLS) and the planned lunar orbital Gateway station.
Artemis 1 was an uncrewed flight test launched on November 16, 2022, sending Orion on a 25.5-day journey around the Moon. Artemis 2 is a planned crewed lunar flyby with four astronauts (Reid Wiseman, Victor Glover, Christina Koch, and Jeremy Hansen). Artemis 3 aims to land the first woman and first person of color on the lunar surface.

[5] (chandrayaan_3_mission.txt)
# Chandrayaan-3 Historic Lunar Landing
Chandrayaan-3 was the third mission in the Chandrayaan programme developed by ISRO. Launched on July 14, 2023, aboard an LVM3-M4 rocket from Satish Dhawan Space Centre, the mission aimed to demonstrate safe soft landing and roving on the lunar surface.","Apollo 11 landed on the Moon on July 20, 1969, at Tranquility Base (Mare Tranquillitatis).",Correct,1.0,1.0,0,0.8462,3,0.6506,23.74,"[1] (apollo_11_mission.txt)
# Apollo 11 Mission Overview
Apollo 11 was the American spaceflight that first landed humans on the Moon. Commander Neil Armstrong and Lunar Module Pilot Buzz Aldrin landed the Apollo Lunar Module Eagle on July 20, 1969, at 20:17 UTC. Neil Armstrong became the first person to step onto the lunar surface six hours and 39 minutes later, on July 21 at 02:56 UTC. Aldrin joined him 19 minutes later. They spent about two hours and 15 minutes together outside the spacecraft in Tranquility Base.

[2] (chandrayaan_3_mission.txt)
ntre, the mission aimed to demonstrate safe soft landing and roving on the lunar surface.
On August 23, 2023, at 18:04 IST (12:34 UTC), the Vikram lander successfully touched down near the lunar south polar region at 69.37 degrees South latitude and 32.35 degrees East longitude (named Shiv Shakti Point). This made India the first nation to land successfully in the lunar south polar area and the fourth nation overall to achieve a soft lunar landing.

[3] (chandrayaan_3_mission.txt)
the lunar south polar area and the fourth nation overall to achieve a soft lunar landing.
The Pragyan rover was deployed shortly after landing and operated for one lunar day (approximately 14 Earth days), detecting sulfur, aluminum, calcium, iron, and titanium on the lunar surface using LIBS and APXS spectrometers."
Q02,Direct_Fact,What is the primary power source for the Curiosity Mars rover?,A Multi-Mission Radioisotope Thermoelectric Generator (MMRTG) using plutonium-238 dioxide.,True,curiosity_rover_mars,Curiosity is powered by solar wings and rechargeable lithium batteries.,Incorrect,0.0,0.0,1,0.0,0.07,Curiosity is powered by a Multi-Mission Radioisotope Thermoelectric Generator (MMRTG) using plutonium-238 dioxide.,Correct,1.0,1.0,0,0.8,3,0.4967,25.83,"[1] (curiosity_rover_mars.txt)
# Mars Science Laboratory (Curiosity Rover)
The Curiosity rover, part of NASA's Mars Science Laboratory (MSL) mission, landed in Gale Crater on Mars on August 6, 2012. The rover's primary mission was to investigate the Martian climate and geology, and to assess whether the Gale Crater area ever had an environment capable of supporting microbial life.

[2] (curiosity_sam_instrument.txt)
# Sample Analysis at Mars (SAM) Instrument
The Sample Analysis at Mars (SAM) instrument suite is the heaviest and most sophisticated laboratory payload on NASA's Curiosity rover, occupying roughly half of the rover's main body.
SAM comprises three analytical instruments: a Quadrupole Mass Spectrometer (QMS), a Gas Chromatograph (GC), and a Tunable Laser Spectrometer (TLS).

[3] (curiosity_rover_mars.txt)
.
Curiosity weighs 899 kg (1,982 lb) and is powered by a Multi-Mission Radioisotope Thermoelectric Generator (MMRTG) using plutonium-238 dioxide. Key instruments include the ChemCam laser spectrometer, the Sample Analysis at Mars (SAM) instrument suite, the Mastcam stereo cameras, and the Alpha Particle X-Ray Spectrometer (APXS). In 2013, Curiosity discovered evidence of an ancient freshwater lake inside Gale Crater that contained all the basic chemical ingredients essential for life (carbon, hydrogen, oxygen, nitrogen, phosphorus, and sulfur).",supported,1,0,100.0,Curiosity is powered by a Multi-Mission Radioisotope Thermoelectric Generator (MMRTG) using plutonium-238 dioxide.,Correct,1.0,1.0,0,0.8,5,0.4967,18.57,"[1] (curiosity_rover_mars.txt)
# Mars Science Laboratory (Curiosity Rover)
The Curiosity rover, part of NASA's Mars Science Laboratory (MSL) mission, landed in Gale Crater on Mars on August 6, 2012. The rover's primary mission was to investigate the Martian climate and geology, and to assess whether the Gale Crater area ever had an environment capable of supporting microbial life.

[2] (curiosity_sam_instrument.txt)
# Sample Analysis at Mars (SAM) Instrument
The Sample Analysis at Mars (SAM) instrument suite is the heaviest and most sophisticated laboratory payload on NASA's Curiosity rover, occupying roughly half of the rover's main body.
SAM comprises three analytical instruments: a Quadrupole Mass Spectrometer (QMS), a Gas Chromatograph (GC), and a Tunable Laser Spectrometer (TLS).

[3] (curiosity_rover_mars.txt)
.
Curiosity weighs 899 kg (1,982 lb) and is powered by a Multi-Mission Radioisotope Thermoelectric Generator (MMRTG) using plutonium-238 dioxide. Key instruments include the ChemCam laser spectrometer, the Sample Analysis at Mars (SAM) instrument suite, the Mastcam stereo cameras, and the Alpha Particle X-Ray Spectrometer (APXS). In 2013, Curiosity discovered evidence of an ancient freshwater lake inside Gale Crater that contained all the basic chemical ingredients essential for life (carbon, hydrogen, oxygen, nitrogen, phosphorus, and sulfur).

[4] (perseverance_rover_mars.txt)
# Mars 2020 Perseverance Rover
Perseverance is a car-sized Mars rover designed to explore Jezero crater on Mars as part of NASA's Mars 2020 mission. It was manufactured by the Jet Propulsion Laboratory and launched on July 30, 2020. Perseverance landed successfully on Mars on February 18, 2021.
The rover carries seven primary scientific instruments, including SuperCam, PIXL, SHERLOC, and the MOXIE experiment, which demonstrated the production of breathable oxygen from Martian carbon dioxide on April 20, 2021.

[5] (spirit_and_opportunity_rovers.txt)
# Mars Exploration Rovers: Spirit and Opportunity
The Mars Exploration Rover (MER) mission was a twin robotic rover program launched by NASA in June and July 2003. Spirit (MER-A) landed in Gusev Crater on January 4, 2004, and Opportunity (MER-B) landed in Meridiani Planum on January 25, 2004.
Both rovers were designed for a 90-sol primary mission but vastly exceeded their design lifespans. Spirit operated for 6 years until getting stuck in soft sand in 2010.",Curiosity is powered by a Multi-Mission Radioisotope Thermoelectric Generator (MMRTG) using plutonium-238 dioxide.,Correct,1.0,1.0,0,0.8,3,0.4967,16.5,"[1] (curiosity_rover_mars.txt)
# Mars Science Laboratory (Curiosity Rover)
The Curiosity rover, part of NASA's Mars Science Laboratory (MSL) mission, landed in Gale Crater on Mars on August 6, 2012. The rover's primary mission was to investigate the Martian climate and geology, and to assess whether the Gale Crater area ever had an environment capable of supporting microbial life.

[2] (curiosity_sam_instrument.txt)
# Sample Analysis at Mars (SAM) Instrument
The Sample Analysis at Mars (SAM) instrument suite is the heaviest and most sophisticated laboratory payload on NASA's Curiosity rover, occupying roughly half of the rover's main body.
SAM comprises three analytical instruments: a Quadrupole Mass Spectrometer (QMS), a Gas Chromatograph (GC), and a Tunable Laser Spectrometer (TLS).

[3] (curiosity_rover_mars.txt)
.
Curiosity weighs 899 kg (1,982 lb) and is powered by a Multi-Mission Radioisotope Thermoelectric Generator (MMRTG) using plutonium-238 dioxide. Key instruments include the ChemCam laser spectrometer, the Sample Analysis at Mars (SAM) instrument suite, the Mastcam stereo cameras, and the Alpha Particle X-Ray Spectrometer (APXS). In 2013, Curiosity discovered evidence of an ancient freshwater lake inside Gale Crater that contained all the basic chemical ingredients essential for life (carbon, hydrogen, oxygen, nitrogen, phosphorus, and sulfur)."
Q03,Direct_Fact,How many total flights did the Ingenuity helicopter complete on Mars before sustaining damage?,Ingenuity completed 72 flights.,True,ingenuity_mars_helicopter,Ingenuity completed around 50 flights on Mars.,Partially Correct,0.5,0.5,1,0.5455,0.1,Ingenuity completed 72 flights on Mars.,Correct,1.0,1.0,0,0.8,3,0.7244,17.4,"[1] (ingenuity_mars_helicopter.txt)
# Ingenuity Mars Helicopter
Ingenuity was a coaxial robotic helicopter that operated on Mars between February 2021 and January 2024. Delivered to Mars attached to the belly of the Perseverance rover, Ingenuity demonstrated the first powered, controlled aerodynamic flight on another planet.

[2] (perseverance_rover_mars.txt)
trated the production of breathable oxygen from Martian carbon dioxide on April 20, 2021.
Perseverance also carried the Ingenuity helicopter, a technology demonstration drone that completed 72 flights between April 2021 and January 2024 before sustaining rotor damage. Perseverance is collecting rock core samples to be returned to Earth in a future Mars Sample Return mission.

[3] (ingenuity_mars_helicopter.txt)
kg (4.0 lb) and was powered by six lithium-ion batteries charged by a small solar panel.
Originally planned for a 30-day technology demonstration of up to five flights, Ingenuity completed 72 flights over nearly three years, flying a total distance of 17.0 km (10.6 mi) and logging 128.8 minutes of airtime before a hard landing on Flight 72 damaged its rotor blades.",supported,1,0,100.0,Ingenuity completed 72 flights on Mars.,Correct,1.0,1.0,0,0.8,5,0.7244,25.55,"[1] (ingenuity_mars_helicopter.txt)
# Ingenuity Mars Helicopter
Ingenuity was a coaxial robotic helicopter that operated on Mars between February 2021 and January 2024. Delivered to Mars attached to the belly of the Perseverance rover, Ingenuity demonstrated the first powered, controlled aerodynamic flight on another planet.

[2] (perseverance_rover_mars.txt)
trated the production of breathable oxygen from Martian carbon dioxide on April 20, 2021.
Perseverance also carried the Ingenuity helicopter, a technology demonstration drone that completed 72 flights between April 2021 and January 2024 before sustaining rotor damage. Perseverance is collecting rock core samples to be returned to Earth in a future Mars Sample Return mission.

[3] (ingenuity_mars_helicopter.txt)
kg (4.0 lb) and was powered by six lithium-ion batteries charged by a small solar panel.
Originally planned for a 30-day technology demonstration of up to five flights, Ingenuity completed 72 flights over nearly three years, flying a total distance of 17.0 km (10.6 mi) and logging 128.8 minutes of airtime before a hard landing on Flight 72 damaged its rotor blades.

[4] (ingenuity_mars_helicopter.txt)
ngenuity demonstrated the first powered, controlled aerodynamic flight on another planet.
Due to Mars's thin atmosphere (less than 1% of Earth's atmospheric pressure), Ingenuity used counter-rotating carbon-fiber blades spinning at approximately 2,400 to 2,700 RPM. The helicopter weighed 1.8 kg (4.0 lb) and was powered by six lithium-ion batteries charged by a small solar panel.

[5] (tianwen_1_and_zhurong.txt)
e lander touched down at Utopia Planitia. The Zhurong rover was deployed on May 22, 2021.
This made China the second nation (after the United States) to successfully land and operate a robotic rover on Mars. Zhurong traveled 1,921 meters across the Martian surface before entering planned hibernation in May 2022 due to winter sandstorms.",Ingenuity completed 72 flights on Mars.,Correct,1.0,1.0,0,0.8,3,0.7244,23.48,"[1] (ingenuity_mars_helicopter.txt)
# Ingenuity Mars Helicopter
Ingenuity was a coaxial robotic helicopter that operated on Mars between February 2021 and January 2024. Delivered to Mars attached to the belly of the Perseverance rover, Ingenuity demonstrated the first powered, controlled aerodynamic flight on another planet.

[2] (perseverance_rover_mars.txt)
trated the production of breathable oxygen from Martian carbon dioxide on April 20, 2021.
Perseverance also carried the Ingenuity helicopter, a technology demonstration drone that completed 72 flights between April 2021 and January 2024 before sustaining rotor damage. Perseverance is collecting rock core samples to be returned to Earth in a future Mars Sample Return mission.

[3] (ingenuity_mars_helicopter.txt)
kg (4.0 lb) and was powered by six lithium-ion batteries charged by a small solar panel.
Originally planned for a 30-day technology demonstration of up to five flights, Ingenuity completed 72 flights over nearly three years, flying a total distance of 17.0 km (10.6 mi) and logging 128.8 minutes of airtime before a hard landing on Flight 72 damaged its rotor blades."
Q04,Direct_Fact,Where is the James Webb Space Telescope located in space?,"At the Sun-Earth L2 Lagrange point, approximately 1.5 million kilometers from Earth.",True,james_webb_space_telescope,JWST is in high elliptical Earth orbit.,Incorrect,0.0,0.0,1,0.1111,0.07,"JWST is located at the Sun-Earth L2 Lagrange point, approximately 1.5 million kilometers from Earth.",Correct,1.0,1.0,0,0.88,3,0.7148,27.52,"[1] (james_webb_space_telescope.txt)
# James Webb Space Telescope (JWST)
The James Webb Space Telescope is a space telescope designed primarily to conduct infrared astronomy. High-resolution and high-sensitivity instruments allow it to view objects too old, distant, or faint for the Hubble Space Telescope.
JWST was launched on December 25, 2021, on an Ariane 5 rocket from Kourou, French Guiana, and arrived at the Sun-Earth L2 Lagrange point in January 2022, approximately 1.5 million kilometers (930,000 miles) from Earth.

[2] (spitzer_space_telescope.txt)
# Spitzer Space Telescope
The Spitzer Space Telescope was an infrared space observatory launched by NASA on August 25, 2003, aboard a Delta II rocket. It was the final mission of NASA's Great Observatories program (alongside Hubble, Compton Gamma Ray Observatory, and Chandra).

[3] (hubble_space_telescope.txt)
# Hubble Space Telescope (HST)
The Hubble Space Telescope was launched into low Earth orbit on April 24, 1990, aboard Space Shuttle Discovery (STS-31) and remains in operation. Hubble's orbit outside the distortion of Earth's atmosphere allows it to capture extremely high-resolution images with substantially lower background light than ground-based telescopes.",supported,1,0,100.0,"JWST is located at the Sun-Earth L2 Lagrange point, approximately 1.5 million kilometers from Earth.",Correct,1.0,1.0,0,0.88,5,0.7148,27.01,"[1] (james_webb_space_telescope.txt)
# James Webb Space Telescope (JWST)
The James Webb Space Telescope is a space telescope designed primarily to conduct infrared astronomy. High-resolution and high-sensitivity instruments allow it to view objects too old, distant, or faint for the Hubble Space Telescope.
JWST was launched on December 25, 2021, on an Ariane 5 rocket from Kourou, French Guiana, and arrived at the Sun-Earth L2 Lagrange point in January 2022, approximately 1.5 million kilometers (930,000 miles) from Earth.

[2] (spitzer_space_telescope.txt)
# Spitzer Space Telescope
The Spitzer Space Telescope was an infrared space observatory launched by NASA on August 25, 2003, aboard a Delta II rocket. It was the final mission of NASA's Great Observatories program (alongside Hubble, Compton Gamma Ray Observatory, and Chandra).

[3] (hubble_space_telescope.txt)
# Hubble Space Telescope (HST)
The Hubble Space Telescope was launched into low Earth orbit on April 24, 1990, aboard Space Shuttle Discovery (STS-31) and remains in operation. Hubble's orbit outside the distortion of Earth's atmosphere allows it to capture extremely high-resolution images with substantially lower background light than ground-based telescopes.

[4] (kepler_space_telescope.txt)
# Kepler Space Telescope and Exoplanet Discovery
The Kepler Space Telescope was a NASA space observatory launched on March 7, 2009, to survey a portion of the Milky Way galaxy for Earth-sized exoplanets in or near habitable zones.
Kepler utilized the transit method, monitoring the brightness of more than 150,000 main-sequence stars simultaneously to detect periodic dips caused by transiting planets.

[5] (chandra_xray_observatory.txt)
# Chandra X-ray Observatory
The Chandra X-ray Observatory is a NASA flagship space telescope launched on July 23, 1999, by Space Shuttle Columbia (STS-93). Named after Indian-American Nobel laureate Subrahmanyan Chandrasekhar, the observatory is designed to detect X-ray emissions from extremely hot and energetic regions of the Universe.
Chandra operates in a highly elliptical geocentric orbit, extending more than 130,000 kilometers away from Earth at apogee to avoid Earth's radiation belts.","JWST is located at the Sun-Earth L2 Lagrange point, approximately 1.5 million kilometers from Earth.",Correct,1.0,1.0,0,0.88,3,0.7148,23.83,"[1] (james_webb_space_telescope.txt)
# James Webb Space Telescope (JWST)
The James Webb Space Telescope is a space telescope designed primarily to conduct infrared astronomy. High-resolution and high-sensitivity instruments allow it to view objects too old, distant, or faint for the Hubble Space Telescope.
JWST was launched on December 25, 2021, on an Ariane 5 rocket from Kourou, French Guiana, and arrived at the Sun-Earth L2 Lagrange point in January 2022, approximately 1.5 million kilometers (930,000 miles) from Earth.

[2] (spitzer_space_telescope.txt)
# Spitzer Space Telescope
The Spitzer Space Telescope was an infrared space observatory launched by NASA on August 25, 2003, aboard a Delta II rocket. It was the final mission of NASA's Great Observatories program (alongside Hubble, Compton Gamma Ray Observatory, and Chandra).

[3] (hubble_space_telescope.txt)
# Hubble Space Telescope (HST)
The Hubble Space Telescope was launched into low Earth orbit on April 24, 1990, aboard Space Shuttle Discovery (STS-31) and remains in operation. Hubble's orbit outside the distortion of Earth's atmosphere allows it to capture extremely high-resolution images with substantially lower background light than ground-based telescopes."
Q05,Direct_Fact,What is the diameter and material composition of the primary mirror of the James Webb Space Telescope?,"6.5 meters in diameter, consisting of 18 hexagonal beryllium segments coated with gold.",True,james_webb_space_telescope,JWST has an 8.0-meter polished aluminum mirror array.,Incorrect,0.0,0.0,1,0.0,0.1,"The primary mirror is 6.5 meters in diameter, consisting of 18 hexagonal beryllium segments coated with gold.",Correct,1.0,1.0,0,0.8966,3,0.5675,21.22,"[1] (james_webb_space_telescope.txt)
e point in January 2022, approximately 1.5 million kilometers (930,000 miles) from Earth.
The telescope features a 6.5-meter-diameter primary mirror consisting of 18 hexagonal beryllium segments coated with gold. Its primary instruments include the Near-Infrared Camera (NIRCam), Near-Infrared Spectrograph (NIRSpec), Mid-Infrared Instrument (MIRI), and the Fine Guidance Sensor/Near InfraRed Imager and Slitless Spectrograph (FGS/NIRISS). JWST operates at cryogenic temperatures below 50 Kelvin (-223 degrees Celsius).

[2] (james_webb_space_telescope.txt)
# James Webb Space Telescope (JWST)
The James Webb Space Telescope is a space telescope designed primarily to conduct infrared astronomy. High-resolution and high-sensitivity instruments allow it to view objects too old, distant, or faint for the Hubble Space Telescope.
JWST was launched on December 25, 2021, on an Ariane 5 rocket from Kourou, French Guiana, and arrived at the Sun-Earth L2 Lagrange point in January 2022, approximately 1.5 million kilometers (930,000 miles) from Earth.

[3] (hubble_space_telescope.txt)
ound light than ground-based telescopes.
Hubble has a 2.4-meter (7.9 ft) primary mirror, and its four main instruments observe in the ultraviolet, visible, and near-infrared regions of the electromagnetic spectrum. Shortly after launch, scientists discovered a spherical aberration in the primary mirror due to flawed manufacturing. In December 1993, the STS-61 servicing mission installed corrective optics (COSTAR) and the WFPC2 camera, restoring the telescope to its intended optical capability. Hubble has completed over 1.5 million observations.",supported,1,0,100.0,"The primary mirror is 6.5 meters in diameter, consisting of 18 hexagonal beryllium segments coated with gold.",Correct,1.0,1.0,0,0.8966,5,0.5675,24.12,"[1] (james_webb_space_telescope.txt)
e point in January 2022, approximately 1.5 million kilometers (930,000 miles) from Earth.
The telescope features a 6.5-meter-diameter primary mirror consisting of 18 hexagonal beryllium segments coated with gold. Its primary instruments include the Near-Infrared Camera (NIRCam), Near-Infrared Spectrograph (NIRSpec), Mid-Infrared Instrument (MIRI), and the Fine Guidance Sensor/Near InfraRed Imager and Slitless Spectrograph (FGS/NIRISS). JWST operates at cryogenic temperatures below 50 Kelvin (-223 degrees Celsius).

[2] (james_webb_space_telescope.txt)
# James Webb Space Telescope (JWST)
The James Webb Space Telescope is a space telescope designed primarily to conduct infrared astronomy. High-resolution and high-sensitivity instruments allow it to view objects too old, distant, or faint for the Hubble Space Telescope.
JWST was launched on December 25, 2021, on an Ariane 5 rocket from Kourou, French Guiana, and arrived at the Sun-Earth L2 Lagrange point in January 2022, approximately 1.5 million kilometers (930,000 miles) from Earth.

[3] (hubble_space_telescope.txt)
ound light than ground-based telescopes.
Hubble has a 2.4-meter (7.9 ft) primary mirror, and its four main instruments observe in the ultraviolet, visible, and near-infrared regions of the electromagnetic spectrum. Shortly after launch, scientists discovered a spherical aberration in the primary mirror due to flawed manufacturing. In December 1993, the STS-61 servicing mission installed corrective optics (COSTAR) and the WFPC2 camera, restoring the telescope to its intended optical capability. Hubble has completed over 1.5 million observations.

[4] (hubble_space_telescope.txt)
s with substantially lower background light than ground-based telescopes.

[5] (spitzer_space_telescope.txt)
# Spitzer Space Telescope
The Spitzer Space Telescope was an infrared space observatory launched by NASA on August 25, 2003, aboard a Delta II rocket. It was the final mission of NASA's Great Observatories program (alongside Hubble, Compton Gamma Ray Observatory, and Chandra).","The primary mirror is 6.5 meters in diameter, consisting of 18 hexagonal beryllium segments coated with gold.",Correct,1.0,1.0,0,0.8966,3,0.5675,22.51,"[1] (james_webb_space_telescope.txt)
e point in January 2022, approximately 1.5 million kilometers (930,000 miles) from Earth.
The telescope features a 6.5-meter-diameter primary mirror consisting of 18 hexagonal beryllium segments coated with gold. Its primary instruments include the Near-Infrared Camera (NIRCam), Near-Infrared Spectrograph (NIRSpec), Mid-Infrared Instrument (MIRI), and the Fine Guidance Sensor/Near InfraRed Imager and Slitless Spectrograph (FGS/NIRISS). JWST operates at cryogenic temperatures below 50 Kelvin (-223 degrees Celsius).

[2] (james_webb_space_telescope.txt)
# James Webb Space Telescope (JWST)
The James Webb Space Telescope is a space telescope designed primarily to conduct infrared astronomy. High-resolution and high-sensitivity instruments allow it to view objects too old, distant, or faint for the Hubble Space Telescope.
JWST was launched on December 25, 2021, on an Ariane 5 rocket from Kourou, French Guiana, and arrived at the Sun-Earth L2 Lagrange point in January 2022, approximately 1.5 million kilometers (930,000 miles) from Earth.

[3] (hubble_space_telescope.txt)
ound light than ground-based telescopes.
Hubble has a 2.4-meter (7.9 ft) primary mirror, and its four main instruments observe in the ultraviolet, visible, and near-infrared regions of the electromagnetic spectrum. Shortly after launch, scientists discovered a spherical aberration in the primary mirror due to flawed manufacturing. In December 1993, the STS-61 servicing mission installed corrective optics (COSTAR) and the WFPC2 camera, restoring the telescope to its intended optical capability. Hubble has completed over 1.5 million observations."
Q06,Direct_Fact,Which space agency developed the Huygens probe and on which celestial body did it land?,"Developed by the European Space Agency (ESA) and landed on Saturn's moon Titan on January 14, 2005.",True,cassini_huygens_saturn,Developed by NASA and landed on Titan.,Partially Correct,0.5,0.5,1,0.5217,0.12,"Developed by the European Space Agency (ESA) and landed on Saturn's moon Titan on January 14, 2005.",Correct,1.0,1.0,0,1.0,3,0.6775,29.12,"[1] (cassini_huygens_saturn.txt)
# Cassini-Huygens Mission to Saturn
Cassini-Huygens was a joint NASA/ESA/ASI robotic spacecraft mission launched on October 15, 1997, to study Saturn, its ring system, and its natural satellites. It entered orbit around Saturn on July 1, 2004.
The ESA-built Huygens probe separated from the Cassini orbiter on December 25, 2004, and landed on Titan, Saturn's largest moon, on January 14, 2005. Huygens became the first human-made probe to land in the outer Solar System.

[2] (cassini_huygens_saturn.txt)
ry 14, 2005. Huygens became the first human-made probe to land in the outer Solar System.
Cassini discovered geysers of water ice and organic molecules erupting from the south polar fractures of Enceladus, confirming a subsurface liquid ocean. On September 15, 2017, Cassini concluded its 13-year orbital mission with a planned destructive dive into Saturn's atmosphere ('The Grand Finale') to avoid potential biological contamination of Enceladus and Titan.

[3] (dawn_vesta_and_ceres.txt)
# Dawn Mission: Vesta and Ceres
NASA's Dawn mission was a robotic space probe launched on September 27, 2007, to study two of the three protoplanets of the asteroid belt: Vesta and Ceres.
Dawn used efficient xenon ion propulsion thrusters, which allowed it to become the first spacecraft to orbit two different extraterrestrial bodies.",uncertain,0,0,100.0,"Developed by the European Space Agency (ESA) and landed on Saturn's moon Titan on January 14, 2005.",Correct,1.0,1.0,0,1.0,5,0.6775,26.52,"[1] (cassini_huygens_saturn.txt)
# Cassini-Huygens Mission to Saturn
Cassini-Huygens was a joint NASA/ESA/ASI robotic spacecraft mission launched on October 15, 1997, to study Saturn, its ring system, and its natural satellites. It entered orbit around Saturn on July 1, 2004.
The ESA-built Huygens probe separated from the Cassini orbiter on December 25, 2004, and landed on Titan, Saturn's largest moon, on January 14, 2005. Huygens became the first human-made probe to land in the outer Solar System.

[2] (cassini_huygens_saturn.txt)
ry 14, 2005. Huygens became the first human-made probe to land in the outer Solar System.
Cassini discovered geysers of water ice and organic molecules erupting from the south polar fractures of Enceladus, confirming a subsurface liquid ocean. On September 15, 2017, Cassini concluded its 13-year orbital mission with a planned destructive dive into Saturn's atmosphere ('The Grand Finale') to avoid potential biological contamination of Enceladus and Titan.

[3] (dawn_vesta_and_ceres.txt)
# Dawn Mission: Vesta and Ceres
NASA's Dawn mission was a robotic space probe launched on September 27, 2007, to study two of the three protoplanets of the asteroid belt: Vesta and Ceres.
Dawn used efficient xenon ion propulsion thrusters, which allowed it to become the first spacecraft to orbit two different extraterrestrial bodies.

[4] (rosetta_philae_mission.txt)
# Rosetta and Philae Comet 67P Mission
Rosetta was an ESA space probe launched on March 2, 2004, to rendezvous with and orbit comet 67P/Churyumov-Gerasimenko. After a 10-year cruise through the Solar System, Rosetta entered orbit around comet 67P in August 2014.
On November 12, 2014, Rosetta deployed the Philae lander, which achieved the first soft touchdown on a comet nucleus. Philae's anchoring harpoons failed to fire, causing it to bounce twice before coming to rest in the shadow of a cliff on the comet.

[5] (pioneer_10_and_11.txt)
# Pioneer 10 and Pioneer 11 Missions
Pioneer 10 and Pioneer 11 were NASA space probes launched in March 1972 and April 1973, respectively, to conduct initial reconnaissance of the asteroid belt and outer planets.
Pioneer 10 was the first spacecraft to traverse the asteroid belt and make direct observations of Jupiter (closest approach December 4, 1973). It was the first human-made object to achieve escape velocity from the Solar System.","Developed by the European Space Agency (ESA) and landed on Saturn's moon Titan on January 14, 2005.",Correct,1.0,1.0,0,1.0,3,0.6775,16.97,"[1] (cassini_huygens_saturn.txt)
# Cassini-Huygens Mission to Saturn
Cassini-Huygens was a joint NASA/ESA/ASI robotic spacecraft mission launched on October 15, 1997, to study Saturn, its ring system, and its natural satellites. It entered orbit around Saturn on July 1, 2004.
The ESA-built Huygens probe separated from the Cassini orbiter on December 25, 2004, and landed on Titan, Saturn's largest moon, on January 14, 2005. Huygens became the first human-made probe to land in the outer Solar System.

[2] (cassini_huygens_saturn.txt)
ry 14, 2005. Huygens became the first human-made probe to land in the outer Solar System.
Cassini discovered geysers of water ice and organic molecules erupting from the south polar fractures of Enceladus, confirming a subsurface liquid ocean. On September 15, 2017, Cassini concluded its 13-year orbital mission with a planned destructive dive into Saturn's atmosphere ('The Grand Finale') to avoid potential biological contamination of Enceladus and Titan.

[3] (dawn_vesta_and_ceres.txt)
# Dawn Mission: Vesta and Ceres
NASA's Dawn mission was a robotic space probe launched on September 27, 2007, to study two of the three protoplanets of the asteroid belt: Vesta and Ceres.
Dawn used efficient xenon ion propulsion thrusters, which allowed it to become the first spacecraft to orbit two different extraterrestrial bodies."
Q07,Direct_Fact,What total mass of asteroid sample did OSIRIS-REx deliver back to Earth from asteroid Bennu?,121.6 grams (4.29 oz).,True,osiris_rex_bennu,OSIRIS-REx returned approximately 2.5 kilograms of Bennu regolith.,Incorrect,0.0,0.0,1,0.0,0.15,OSIRIS-REx delivered 121.6 grams (4.29 oz) of asteroid sample from Bennu.,Partially Correct,0.5,1.0,1,0.5333,3,0.6963,25.44,"[1] (osiris_rex_bennu.txt)
# OSIRIS-REx Asteroid Sample Return
OSIRIS-REx (Origins, Spectral Interpretation, Resource Identification, Security, Regolith Explorer) was a NASA asteroid study and sample-return mission launched on September 8, 2016.
The spacecraft arrived at near-Earth carbonaceous asteroid 101955 Bennu in December 2018. On October 20, 2020, OSIRIS-REx performed its Touch-And-Go (TAG) sample collection maneuver, gathering surface material using its TAGSAM arm.

[2] (osiris_rex_bennu.txt)
And-Go (TAG) sample collection maneuver, gathering surface material using its TAGSAM arm.
On September 24, 2023, the sample capsule successfully landed at the Utah Test and Training Range, delivering 121.6 grams (4.29 oz) of pristine asteroid regolith—exceeding the mission goal of 60 grams. Analysis confirmed abundant carbon, hydrated clay minerals, and amino acid precursors. The main spacecraft was subsequently redirected to asteroid Apophis under the new name OSIRIS-APEX.

[3] (hayabusa2_ryugu.txt)
# JAXA Hayabusa2 Asteroid Mission
Hayabusa2 was an asteroid sample-return mission operated by the Japanese space agency JAXA. Launched on December 3, 2014, aboard an H-IIA rocket, the spacecraft rendezvoused with near-Earth asteroid 162173 Ryugu in June 2018.
Hayabusa2 deployed multiple rovers (MINERVA-II1A, MINERVA-II1B, and MASCOT) and executed two touchdown sampling maneuvers, including one using a kinetic tantalum projectile to expose sub-surface material.",uncertain,0,0,100.0,OSIRIS-REx delivered 121.6 grams (4.29 oz) of asteroid sample from Bennu.,Partially Correct,0.5,1.0,1,0.5333,5,0.6963,26.18,"[1] (osiris_rex_bennu.txt)
# OSIRIS-REx Asteroid Sample Return
OSIRIS-REx (Origins, Spectral Interpretation, Resource Identification, Security, Regolith Explorer) was a NASA asteroid study and sample-return mission launched on September 8, 2016.
The spacecraft arrived at near-Earth carbonaceous asteroid 101955 Bennu in December 2018. On October 20, 2020, OSIRIS-REx performed its Touch-And-Go (TAG) sample collection maneuver, gathering surface material using its TAGSAM arm.

[2] (osiris_rex_bennu.txt)
And-Go (TAG) sample collection maneuver, gathering surface material using its TAGSAM arm.
On September 24, 2023, the sample capsule successfully landed at the Utah Test and Training Range, delivering 121.6 grams (4.29 oz) of pristine asteroid regolith—exceeding the mission goal of 60 grams. Analysis confirmed abundant carbon, hydrated clay minerals, and amino acid precursors. The main spacecraft was subsequently redirected to asteroid Apophis under the new name OSIRIS-APEX.

[3] (hayabusa2_ryugu.txt)
# JAXA Hayabusa2 Asteroid Mission
Hayabusa2 was an asteroid sample-return mission operated by the Japanese space agency JAXA. Launched on December 3, 2014, aboard an H-IIA rocket, the spacecraft rendezvoused with near-Earth asteroid 162173 Ryugu in June 2018.
Hayabusa2 deployed multiple rovers (MINERVA-II1A, MINERVA-II1B, and MASCOT) and executed two touchdown sampling maneuvers, including one using a kinetic tantalum projectile to expose sub-surface material.

[4] (dart_mission.txt)
# DART Planetary Defense Mission
The Double Asteroid Redirection Test (DART) was a NASA planetary defense mission designed to test the kinetic impactor technique for deflecting a hazardous asteroid.
Launched on November 24, 2021, DART targeted Dimorphos, a 160-meter-wide asteroid moonlet orbiting the larger asteroid Didymos. On September 26, 2022, the 570-kg DART spacecraft intentionally impacted Dimorphos at a speed of approximately 6.6 km/s (24,000 km/h).

[5] (lucy_trojan_asteroids.txt)
Eurybates, Polymele, Leucus, Orus, Patroclus, and Menoetius, plus discovered satellites).
During its flyby of asteroid Dinkinesh on November 1, 2023, Lucy discovered that Dinkinesh's moonlet Selam is a contact binary asteroid. Lucy is powered by two circular solar arrays measuring 7.3 meters in diameter each.",OSIRIS-REx delivered 121.6 grams (4.29 oz) of asteroid sample from Bennu.,Partially Correct,0.5,1.0,1,0.5333,3,0.6963,22.29,"[1] (osiris_rex_bennu.txt)
# OSIRIS-REx Asteroid Sample Return
OSIRIS-REx (Origins, Spectral Interpretation, Resource Identification, Security, Regolith Explorer) was a NASA asteroid study and sample-return mission launched on September 8, 2016.
The spacecraft arrived at near-Earth carbonaceous asteroid 101955 Bennu in December 2018. On October 20, 2020, OSIRIS-REx performed its Touch-And-Go (TAG) sample collection maneuver, gathering surface material using its TAGSAM arm.

[2] (osiris_rex_bennu.txt)
And-Go (TAG) sample collection maneuver, gathering surface material using its TAGSAM arm.
On September 24, 2023, the sample capsule successfully landed at the Utah Test and Training Range, delivering 121.6 grams (4.29 oz) of pristine asteroid regolith—exceeding the mission goal of 60 grams. Analysis confirmed abundant carbon, hydrated clay minerals, and amino acid precursors. The main spacecraft was subsequently redirected to asteroid Apophis under the new name OSIRIS-APEX.

[3] (hayabusa2_ryugu.txt)
# JAXA Hayabusa2 Asteroid Mission
Hayabusa2 was an asteroid sample-return mission operated by the Japanese space agency JAXA. Launched on December 3, 2014, aboard an H-IIA rocket, the spacecraft rendezvoused with near-Earth asteroid 162173 Ryugu in June 2018.
Hayabusa2 deployed multiple rovers (MINERVA-II1A, MINERVA-II1B, and MASCOT) and executed two touchdown sampling maneuvers, including one using a kinetic tantalum projectile to expose sub-surface material."
Q08,Direct_Fact,What was the name and landing site coordinates of India's Chandrayaan-3 lander?,"Vikram lander landed at Shiv Shakti Point (69.37° S, 32.35° E) near the lunar south pole.",True,chandrayaan_3_mission,Chandrayaan-3 landed near the lunar equator.,Partially Correct,0.5,0.5,1,0.3,0.09,"The Vikram lander landed at Shiv Shakti Point (69.37° S, 32.35° E) near the lunar south pole.",Correct,1.0,1.0,0,1.0,3,0.675,26.82,"[1] (chandrayaan_3_mission.txt)
# Chandrayaan-3 Historic Lunar Landing
Chandrayaan-3 was the third mission in the Chandrayaan programme developed by ISRO. Launched on July 14, 2023, aboard an LVM3-M4 rocket from Satish Dhawan Space Centre, the mission aimed to demonstrate safe soft landing and roving on the lunar surface.

[2] (chandrayaan_2_orbiter.txt)
# Chandrayaan-2 Mission and Orbiter
Chandrayaan-2 was India's second lunar exploration mission, launched on July 22, 2019, aboard a GSLV Mk III rocket from Sriharikota. The mission included an orbiter, the Vikram lander, and the Pragyan rover.
During the landing attempt on September 6, 2019, the Vikram lander deviated from its planned trajectory and crashed onto the lunar surface due to a software glitch during fine braking.

[3] (chandrayaan_3_mission.txt)
ntre, the mission aimed to demonstrate safe soft landing and roving on the lunar surface.
On August 23, 2023, at 18:04 IST (12:34 UTC), the Vikram lander successfully touched down near the lunar south polar region at 69.37 degrees South latitude and 32.35 degrees East longitude (named Shiv Shakti Point). This made India the first nation to land successfully in the lunar south polar area and the fourth nation overall to achieve a soft lunar landing.",supported,1,0,100.0,"The Vikram lander landed at Shiv Shakti Point (69.37° S, 32.35° E) near the lunar south pole.",Correct,1.0,1.0,0,1.0,5,0.675,18.5,"[1] (chandrayaan_3_mission.txt)
# Chandrayaan-3 Historic Lunar Landing
Chandrayaan-3 was the third mission in the Chandrayaan programme developed by ISRO. Launched on July 14, 2023, aboard an LVM3-M4 rocket from Satish Dhawan Space Centre, the mission aimed to demonstrate safe soft landing and roving on the lunar surface.

[2] (chandrayaan_2_orbiter.txt)
# Chandrayaan-2 Mission and Orbiter
Chandrayaan-2 was India's second lunar exploration mission, launched on July 22, 2019, aboard a GSLV Mk III rocket from Sriharikota. The mission included an orbiter, the Vikram lander, and the Pragyan rover.
During the landing attempt on September 6, 2019, the Vikram lander deviated from its planned trajectory and crashed onto the lunar surface due to a software glitch during fine braking.

[3] (chandrayaan_3_mission.txt)
ntre, the mission aimed to demonstrate safe soft landing and roving on the lunar surface.
On August 23, 2023, at 18:04 IST (12:34 UTC), the Vikram lander successfully touched down near the lunar south polar region at 69.37 degrees South latitude and 32.35 degrees East longitude (named Shiv Shakti Point). This made India the first nation to land successfully in the lunar south polar area and the fourth nation overall to achieve a soft lunar landing.

[4] (chandrayaan_1_mission.txt)
# Chandrayaan-1 Lunar Mission
Chandrayaan-1 was India's first lunar probe, launched by the Indian Space Research Organisation (ISRO) on October 22, 2008, using a Polar Satellite Launch Vehicle (PSLV-C11) from the Satish Dhawan Space Centre at Sriharikota.
The mission operated until August 2009. The spacecraft carried 11 scientific instruments: five Indian and six from foreign agencies including NASA and ESA.

[5] (chandrayaan_3_mission.txt)
the lunar south polar area and the fourth nation overall to achieve a soft lunar landing.
The Pragyan rover was deployed shortly after landing and operated for one lunar day (approximately 14 Earth days), detecting sulfur, aluminum, calcium, iron, and titanium on the lunar surface using LIBS and APXS spectrometers.","The Vikram lander landed at Shiv Shakti Point (69.37° S, 32.35° E) near the lunar south pole.",Correct,1.0,1.0,0,1.0,3,0.675,20.76,"[1] (chandrayaan_3_mission.txt)
# Chandrayaan-3 Historic Lunar Landing
Chandrayaan-3 was the third mission in the Chandrayaan programme developed by ISRO. Launched on July 14, 2023, aboard an LVM3-M4 rocket from Satish Dhawan Space Centre, the mission aimed to demonstrate safe soft landing and roving on the lunar surface.

[2] (chandrayaan_2_orbiter.txt)
# Chandrayaan-2 Mission and Orbiter
Chandrayaan-2 was India's second lunar exploration mission, launched on July 22, 2019, aboard a GSLV Mk III rocket from Sriharikota. The mission included an orbiter, the Vikram lander, and the Pragyan rover.
During the landing attempt on September 6, 2019, the Vikram lander deviated from its planned trajectory and crashed onto the lunar surface due to a software glitch during fine braking.

[3] (chandrayaan_3_mission.txt)
ntre, the mission aimed to demonstrate safe soft landing and roving on the lunar surface.
On August 23, 2023, at 18:04 IST (12:34 UTC), the Vikram lander successfully touched down near the lunar south polar region at 69.37 degrees South latitude and 32.35 degrees East longitude (named Shiv Shakti Point). This made India the first nation to land successfully in the lunar south polar area and the fourth nation overall to achieve a soft lunar landing."
Q09,Direct_Fact,What was the total budget cost of India's Mars Orbiter Mission (Mangalyaan)?,Approximately $74 million USD (Rs 450 crore).,True,mangalyaan_mars_orbiter,Mangalyaan cost roughly $250 million USD.,Partially Correct,0.5,0.5,1,0.3077,0.13,India's Mars Orbiter Mission (Mangalyaan) cost approximately $74 million USD (Rs 450 crore).,Correct,1.0,1.0,0,0.7,3,0.5791,23.64,"[1] (mangalyaan_mars_orbiter.txt)
# Mars Orbiter Mission (Mangalyaan)
The Mars Orbiter Mission (MOM), unofficially known as Mangalyaan, was India's first interplanetary mission. Launched on November 5, 2013, by ISRO using a PSLV-XL rocket (C25), the probe successfully entered Mars orbit on September 24, 2014.
This made ISRO the fourth space agency to reach Mars orbit (after Roscosmos, NASA, and ESA) and the first space agency in the world to reach Mars on its maiden attempt.

[2] (mangalyaan_mars_orbiter.txt)
SA, and ESA) and the first space agency in the world to reach Mars on its maiden attempt.
The spacecraft cost approximately $74 million USD (Rs 450 crore), making it one of the most cost-effective interplanetary missions ever executed. It carried five scientific payloads: Mars Colour Camera (MCC), Thermal Infrared Imaging Spectrometer (TIS), Methane Sensor for Mars (MSM), Lyman Alpha Photometer (LAP), and Mars Exospheric Neutral Composition Analyser (MENCA). Communications were lost in April 2022 after more than 7.5 years in orbit.

[3] (chandrayaan_2_orbiter.txt)
# Chandrayaan-2 Mission and Orbiter
Chandrayaan-2 was India's second lunar exploration mission, launched on July 22, 2019, aboard a GSLV Mk III rocket from Sriharikota. The mission included an orbiter, the Vikram lander, and the Pragyan rover.
During the landing attempt on September 6, 2019, the Vikram lander deviated from its planned trajectory and crashed onto the lunar surface due to a software glitch during fine braking.",uncertain,0,0,100.0,India's Mars Orbiter Mission (Mangalyaan) cost approximately $74 million USD (Rs 450 crore).,Correct,1.0,1.0,0,0.7,5,0.5791,26.49,"[1] (mangalyaan_mars_orbiter.txt)
# Mars Orbiter Mission (Mangalyaan)
The Mars Orbiter Mission (MOM), unofficially known as Mangalyaan, was India's first interplanetary mission. Launched on November 5, 2013, by ISRO using a PSLV-XL rocket (C25), the probe successfully entered Mars orbit on September 24, 2014.
This made ISRO the fourth space agency to reach Mars orbit (after Roscosmos, NASA, and ESA) and the first space agency in the world to reach Mars on its maiden attempt.

[2] (mangalyaan_mars_orbiter.txt)
SA, and ESA) and the first space agency in the world to reach Mars on its maiden attempt.
The spacecraft cost approximately $74 million USD (Rs 450 crore), making it one of the most cost-effective interplanetary missions ever executed. It carried five scientific payloads: Mars Colour Camera (MCC), Thermal Infrared Imaging Spectrometer (TIS), Methane Sensor for Mars (MSM), Lyman Alpha Photometer (LAP), and Mars Exospheric Neutral Composition Analyser (MENCA). Communications were lost in April 2022 after more than 7.5 years in orbit.

[3] (chandrayaan_2_orbiter.txt)
# Chandrayaan-2 Mission and Orbiter
Chandrayaan-2 was India's second lunar exploration mission, launched on July 22, 2019, aboard a GSLV Mk III rocket from Sriharikota. The mission included an orbiter, the Vikram lander, and the Pragyan rover.
During the landing attempt on September 6, 2019, the Vikram lander deviated from its planned trajectory and crashed onto the lunar surface due to a software glitch during fine braking.

[4] (mars_pathfinder_sojourner.txt)
# Mars Pathfinder and Sojourner Rover
Mars Pathfinder was an American robotic spacecraft launched on December 4, 1996, that landed a base station with a lightweight rover on Mars's Ares Vallis on July 4, 1997.
The mission utilized an innovative direct atmospheric entry with parachutes and a cluster of 24 giant airbags to cushion touchdown.

[5] (aditya_l1_solar_observatory.txt)
# Aditya-L1 Solar Mission
Aditya-L1 is India's first dedicated solar observatory spacecraft, developed by ISRO. Launched on September 2, 2023, aboard a PSLV-C57 rocket from Satish Dhawan Space Centre, the spacecraft traveled 1.5 million kilometers over 126 days.
On January 6, 2024, Aditya-L1 successfully entered a halo orbit around the Sun-Earth L1 Lagrange point.",India's Mars Orbiter Mission (Mangalyaan) cost approximately $74 million USD (Rs 450 crore).,Correct,1.0,1.0,0,0.7,3,0.5791,25.19,"[1] (mangalyaan_mars_orbiter.txt)
# Mars Orbiter Mission (Mangalyaan)
The Mars Orbiter Mission (MOM), unofficially known as Mangalyaan, was India's first interplanetary mission. Launched on November 5, 2013, by ISRO using a PSLV-XL rocket (C25), the probe successfully entered Mars orbit on September 24, 2014.
This made ISRO the fourth space agency to reach Mars orbit (after Roscosmos, NASA, and ESA) and the first space agency in the world to reach Mars on its maiden attempt.

[2] (mangalyaan_mars_orbiter.txt)
SA, and ESA) and the first space agency in the world to reach Mars on its maiden attempt.
The spacecraft cost approximately $74 million USD (Rs 450 crore), making it one of the most cost-effective interplanetary missions ever executed. It carried five scientific payloads: Mars Colour Camera (MCC), Thermal Infrared Imaging Spectrometer (TIS), Methane Sensor for Mars (MSM), Lyman Alpha Photometer (LAP), and Mars Exospheric Neutral Composition Analyser (MENCA). Communications were lost in April 2022 after more than 7.5 years in orbit.

[3] (chandrayaan_2_orbiter.txt)
# Chandrayaan-2 Mission and Orbiter
Chandrayaan-2 was India's second lunar exploration mission, launched on July 22, 2019, aboard a GSLV Mk III rocket from Sriharikota. The mission included an orbiter, the Vikram lander, and the Pragyan rover.
During the landing attempt on September 6, 2019, the Vikram lander deviated from its planned trajectory and crashed onto the lunar surface due to a software glitch during fine braking."
Q10,Direct_Fact,What is the primary target and propulsion type of NASA's Psyche mission?,Asteroid 16 Psyche (a metal-rich M-type asteroid) using Hall-effect electric propulsion thrusters fueled by xenon gas.,True,psyche_metal_asteroid,Psyche uses standard hydrazine chemical rockets to reach asteroid 16 Psyche.,Incorrect,0.0,0.0,1,0.2308,0.09,Target is asteroid 16 Psyche (metal-rich M-type) using Hall-effect electric propulsion thrusters with xenon gas.,Correct,1.0,1.0,0,0.8,3,0.725,29.32,"[1] (psyche_metal_asteroid.txt)
# NASA Psyche Asteroid Mission
Psyche is a NASA robotic orbiter mission launched on October 13, 2023, on a SpaceX Falcon Heavy rocket. The mission's target is 16 Psyche, a unique metal-rich M-type asteroid orbiting in the main asteroid belt between Mars and Jupiter.
Scientists hypothesize that 16 Psyche may be the exposed iron-nickel core of an early protoplanet that lost its rocky mantle through violent collisions during the formation of the Solar System.

[2] (psyche_metal_asteroid.txt)
ost its rocky mantle through violent collisions during the formation of the Solar System.
The spacecraft is powered by Hall-effect electric propulsion thrusters utilizing xenon gas. It is equipped with a multispectral imager, gamma-ray and neutron spectrometer, and a magnetometer. Psyche will arrive at asteroid 16 Psyche in August 2029 and spend 26 months orbiting at decreasing altitudes.

[3] (dawn_vesta_and_ceres.txt)
# Dawn Mission: Vesta and Ceres
NASA's Dawn mission was a robotic space probe launched on September 27, 2007, to study two of the three protoplanets of the asteroid belt: Vesta and Ceres.
Dawn used efficient xenon ion propulsion thrusters, which allowed it to become the first spacecraft to orbit two different extraterrestrial bodies.",uncertain,0,0,100.0,Target is asteroid 16 Psyche (metal-rich M-type) using Hall-effect electric propulsion thrusters with xenon gas.,Correct,1.0,1.0,0,0.8,5,0.725,23.73,"[1] (psyche_metal_asteroid.txt)
# NASA Psyche Asteroid Mission
Psyche is a NASA robotic orbiter mission launched on October 13, 2023, on a SpaceX Falcon Heavy rocket. The mission's target is 16 Psyche, a unique metal-rich M-type asteroid orbiting in the main asteroid belt between Mars and Jupiter.
Scientists hypothesize that 16 Psyche may be the exposed iron-nickel core of an early protoplanet that lost its rocky mantle through violent collisions during the formation of the Solar System.

[2] (psyche_metal_asteroid.txt)
ost its rocky mantle through violent collisions during the formation of the Solar System.
The spacecraft is powered by Hall-effect electric propulsion thrusters utilizing xenon gas. It is equipped with a multispectral imager, gamma-ray and neutron spectrometer, and a magnetometer. Psyche will arrive at asteroid 16 Psyche in August 2029 and spend 26 months orbiting at decreasing altitudes.

[3] (dawn_vesta_and_ceres.txt)
# Dawn Mission: Vesta and Ceres
NASA's Dawn mission was a robotic space probe launched on September 27, 2007, to study two of the three protoplanets of the asteroid belt: Vesta and Ceres.
Dawn used efficient xenon ion propulsion thrusters, which allowed it to become the first spacecraft to orbit two different extraterrestrial bodies.

[4] (lucy_trojan_asteroids.txt)
# Lucy Mission to the Trojan Asteroids
Lucy is a NASA space probe launched on October 16, 2021, aboard an Atlas V rocket. It is the first space mission designed to explore the Jupiter Trojan asteroids—swarms of primitive planetesimals trapped in Jupiter's L4 and L5 Lagrange points.
Lucy's 12-year primary mission includes flybys of two main-belt asteroids (Dinkinesh in November 2023 and Donaldjohanson in April 2025) and eight Trojan asteroids (Eurybates, Polymele, Leucus, Orus, Patroclus, and Menoetius, plus discovered satellites).

[5] (juno_mission_jupiter.txt)
# Juno Mission to Jupiter
Juno is a NASA New Frontiers space probe launched on August 5, 2011, aboard an Atlas V rocket. It entered a polar orbit around Jupiter on July 5, 2016.
Juno's primary scientific goals are to understand Jupiter's origin and evolution, determine the amount of water in Jupiter's deep atmosphere, measure its gravitational and magnetic fields, and investigate its massive magnetosphere.",Target is asteroid 16 Psyche (metal-rich M-type) using Hall-effect electric propulsion thrusters with xenon gas.,Correct,1.0,1.0,0,0.8,3,0.725,15.06,"[1] (psyche_metal_asteroid.txt)
# NASA Psyche Asteroid Mission
Psyche is a NASA robotic orbiter mission launched on October 13, 2023, on a SpaceX Falcon Heavy rocket. The mission's target is 16 Psyche, a unique metal-rich M-type asteroid orbiting in the main asteroid belt between Mars and Jupiter.
Scientists hypothesize that 16 Psyche may be the exposed iron-nickel core of an early protoplanet that lost its rocky mantle through violent collisions during the formation of the Solar System.

[2] (psyche_metal_asteroid.txt)
ost its rocky mantle through violent collisions during the formation of the Solar System.
The spacecraft is powered by Hall-effect electric propulsion thrusters utilizing xenon gas. It is equipped with a multispectral imager, gamma-ray and neutron spectrometer, and a magnetometer. Psyche will arrive at asteroid 16 Psyche in August 2029 and spend 26 months orbiting at decreasing altitudes.

[3] (dawn_vesta_and_ceres.txt)
# Dawn Mission: Vesta and Ceres
NASA's Dawn mission was a robotic space probe launched on September 27, 2007, to study two of the three protoplanets of the asteroid belt: Vesta and Ceres.
Dawn used efficient xenon ion propulsion thrusters, which allowed it to become the first spacecraft to orbit two different extraterrestrial bodies."
Q11,Direct_Fact,On what date did Voyager 1 enter interstellar space?,"August 25, 2012.",True,voyager_1_probe,Voyager 1 entered interstellar space in May 2010.,Incorrect,0.0,0.0,1,0.0,0.09,"Voyager 1 entered interstellar space on August 25, 2012.",Partially Correct,0.5,1.0,1,0.5,3,0.7331,32.15,"[1] (voyager_1_probe.txt)
# Voyager 1 Deep Space Mission
Voyager 1 is a space probe launched by NASA on September 5, 1977, as part of the Voyager program to study the outer Solar System and interstellar space. Launched 16 days after its twin, Voyager 2, Voyager 1 communicated through NASA's Deep Space Network to transmit scientific data.

[2] (voyager_interstellar_findings.txt)
# Voyager Interstellar Boundary Discoveries
Data from Voyager 1 and Voyager 2 provided the first in-situ measurements of the outer boundary of the heliosphere.
Voyager 1 detected a sharp drop in solar wind particles and a dramatic surge in galactic cosmic rays on August 25, 2012, marking its passage across the heliopause at 121.6 AU.

[3] (voyager_interstellar_findings.txt)
ic cosmic rays on August 25, 2012, marking its passage across the heliopause at 121.6 AU.
Voyager 2 crossed the heliopause at 119.7 AU on November 5, 2018. Unlike Voyager 1, Voyager 2's working Plasma Science (PLS) instrument allowed direct measurement of the speed, density, and temperature of interstellar plasma, showing that the interstellar medium is hotter and more dynamic than anticipated. Both spacecraft continue to transmit telemetry from beyond the solar wind.",uncertain,0,0,100.0,"Voyager 1 entered interstellar space on August 25, 2012.",Partially Correct,0.5,1.0,1,0.5,5,0.7331,23.35,"[1] (voyager_1_probe.txt)
# Voyager 1 Deep Space Mission
Voyager 1 is a space probe launched by NASA on September 5, 1977, as part of the Voyager program to study the outer Solar System and interstellar space. Launched 16 days after its twin, Voyager 2, Voyager 1 communicated through NASA's Deep Space Network to transmit scientific data.

[2] (voyager_interstellar_findings.txt)
# Voyager Interstellar Boundary Discoveries
Data from Voyager 1 and Voyager 2 provided the first in-situ measurements of the outer boundary of the heliosphere.
Voyager 1 detected a sharp drop in solar wind particles and a dramatic surge in galactic cosmic rays on August 25, 2012, marking its passage across the heliopause at 121.6 AU.

[3] (voyager_interstellar_findings.txt)
ic cosmic rays on August 25, 2012, marking its passage across the heliopause at 121.6 AU.
Voyager 2 crossed the heliopause at 119.7 AU on November 5, 2018. Unlike Voyager 1, Voyager 2's working Plasma Science (PLS) instrument allowed direct measurement of the speed, density, and temperature of interstellar plasma, showing that the interstellar medium is hotter and more dynamic than anticipated. Both spacecraft continue to transmit telemetry from beyond the solar wind.

[4] (voyager_2_probe.txt)
# Voyager 2 Grand Tour Mission
Voyager 2 is a space probe launched by NASA on August 20, 1977, to study the outer planets. It was launched before Voyager 1 on a trajectory that took longer to reach Jupiter and Saturn but enabled further encounters with Uranus and Neptune. Voyager 2 remains the only spacecraft to have visited either of the ice giant planets: Uranus (closest approach January 24, 1986) and Neptune (closest approach August 25, 1989).

[5] (voyager_2_probe.txt)
ranus (closest approach January 24, 1986) and Neptune (closest approach August 25, 1989).
During its Uranus encounter, Voyager 2 discovered 10 new moons and two new rings. At Neptune, it discovered five moons, four rings, and Neptune's 'Great Dark Spot'. Voyager 2 crossed the heliopause into interstellar space on November 5, 2018, at a distance of 119.7 AU. Like its twin, it carries three radioisotope thermoelectric generators and the Voyager Golden Record.","Voyager 1 entered interstellar space on August 25, 2012.",Partially Correct,0.5,1.0,1,0.5,3,0.7331,20.0,"[1] (voyager_1_probe.txt)
# Voyager 1 Deep Space Mission
Voyager 1 is a space probe launched by NASA on September 5, 1977, as part of the Voyager program to study the outer Solar System and interstellar space. Launched 16 days after its twin, Voyager 2, Voyager 1 communicated through NASA's Deep Space Network to transmit scientific data.

[2] (voyager_interstellar_findings.txt)
# Voyager Interstellar Boundary Discoveries
Data from Voyager 1 and Voyager 2 provided the first in-situ measurements of the outer boundary of the heliosphere.
Voyager 1 detected a sharp drop in solar wind particles and a dramatic surge in galactic cosmic rays on August 25, 2012, marking its passage across the heliopause at 121.6 AU.

[3] (voyager_interstellar_findings.txt)
ic cosmic rays on August 25, 2012, marking its passage across the heliopause at 121.6 AU.
Voyager 2 crossed the heliopause at 119.7 AU on November 5, 2018. Unlike Voyager 1, Voyager 2's working Plasma Science (PLS) instrument allowed direct measurement of the speed, density, and temperature of interstellar plasma, showing that the interstellar medium is hotter and more dynamic than anticipated. Both spacecraft continue to transmit telemetry from beyond the solar wind."
Q12,Direct_Fact,What was the name of the first wheeled robotic rover to operate on Mars?,"Sojourner rover, delivered by the Mars Pathfinder mission in 1997.",True,mars_pathfinder_sojourner,Opportunity was the first rover to operate on Mars.,Incorrect,0.0,0.0,1,0.2353,0.08,"Sojourner rover, delivered by the Mars Pathfinder mission on July 4, 1997.",Correct,1.0,1.0,0,0.8,3,0.603,16.78,"[1] (mars_pathfinder_sojourner.txt)
# Mars Pathfinder and Sojourner Rover
Mars Pathfinder was an American robotic spacecraft launched on December 4, 1996, that landed a base station with a lightweight rover on Mars's Ares Vallis on July 4, 1997.
The mission utilized an innovative direct atmospheric entry with parachutes and a cluster of 24 giant airbags to cushion touchdown.

[2] (tianwen_1_and_zhurong.txt)
e lander touched down at Utopia Planitia. The Zhurong rover was deployed on May 22, 2021.
This made China the second nation (after the United States) to successfully land and operate a robotic rover on Mars. Zhurong traveled 1,921 meters across the Martian surface before entering planned hibernation in May 2022 due to winter sandstorms.

[3] (mars_pathfinder_sojourner.txt)
atmospheric entry with parachutes and a cluster of 24 giant airbags to cushion touchdown.
The mission carried Sojourner, the first wheeled robotic rover to operate on Mars. Sojourner weighed just 10.5 kg (23 lb) and had six independently driven aluminum wheels on a rocker-bogie suspension system. Powered by a solar panel generating 16 Watts, Sojourner traveled approximately 100 meters over 83 sols, analyzing rocks named 'Barnacle Bill' and 'Yogi' using its APXS spectrometer.",uncertain,0,0,100.0,"Sojourner rover, delivered by the Mars Pathfinder mission on July 4, 1997.",Correct,1.0,1.0,0,0.8,5,0.603,21.15,"[1] (mars_pathfinder_sojourner.txt)
# Mars Pathfinder and Sojourner Rover
Mars Pathfinder was an American robotic spacecraft launched on December 4, 1996, that landed a base station with a lightweight rover on Mars's Ares Vallis on July 4, 1997.
The mission utilized an innovative direct atmospheric entry with parachutes and a cluster of 24 giant airbags to cushion touchdown.

[2] (tianwen_1_and_zhurong.txt)
e lander touched down at Utopia Planitia. The Zhurong rover was deployed on May 22, 2021.
This made China the second nation (after the United States) to successfully land and operate a robotic rover on Mars. Zhurong traveled 1,921 meters across the Martian surface before entering planned hibernation in May 2022 due to winter sandstorms.

[3] (mars_pathfinder_sojourner.txt)
atmospheric entry with parachutes and a cluster of 24 giant airbags to cushion touchdown.
The mission carried Sojourner, the first wheeled robotic rover to operate on Mars. Sojourner weighed just 10.5 kg (23 lb) and had six independently driven aluminum wheels on a rocker-bogie suspension system. Powered by a solar panel generating 16 Watts, Sojourner traveled approximately 100 meters over 83 sols, analyzing rocks named 'Barnacle Bill' and 'Yogi' using its APXS spectrometer.

[4] (ingenuity_mars_helicopter.txt)
# Ingenuity Mars Helicopter
Ingenuity was a coaxial robotic helicopter that operated on Mars between February 2021 and January 2024. Delivered to Mars attached to the belly of the Perseverance rover, Ingenuity demonstrated the first powered, controlled aerodynamic flight on another planet.

[5] (curiosity_rover_mars.txt)
# Mars Science Laboratory (Curiosity Rover)
The Curiosity rover, part of NASA's Mars Science Laboratory (MSL) mission, landed in Gale Crater on Mars on August 6, 2012. The rover's primary mission was to investigate the Martian climate and geology, and to assess whether the Gale Crater area ever had an environment capable of supporting microbial life.","Sojourner rover, delivered by the Mars Pathfinder mission on July 4, 1997.",Correct,1.0,1.0,0,0.8,3,0.603,18.88,"[1] (mars_pathfinder_sojourner.txt)
# Mars Pathfinder and Sojourner Rover
Mars Pathfinder was an American robotic spacecraft launched on December 4, 1996, that landed a base station with a lightweight rover on Mars's Ares Vallis on July 4, 1997.
The mission utilized an innovative direct atmospheric entry with parachutes and a cluster of 24 giant airbags to cushion touchdown.

[2] (tianwen_1_and_zhurong.txt)
e lander touched down at Utopia Planitia. The Zhurong rover was deployed on May 22, 2021.
This made China the second nation (after the United States) to successfully land and operate a robotic rover on Mars. Zhurong traveled 1,921 meters across the Martian surface before entering planned hibernation in May 2022 due to winter sandstorms.

[3] (mars_pathfinder_sojourner.txt)
atmospheric entry with parachutes and a cluster of 24 giant airbags to cushion touchdown.
The mission carried Sojourner, the first wheeled robotic rover to operate on Mars. Sojourner weighed just 10.5 kg (23 lb) and had six independently driven aluminum wheels on a rocker-bogie suspension system. Powered by a solar panel generating 16 Watts, Sojourner traveled approximately 100 meters over 83 sols, analyzing rocks named 'Barnacle Bill' and 'Yogi' using its APXS spectrometer."
Q13,Direct_Fact,What key technology did MOXIE demonstrate on Mars?,Extracting breathable oxygen from Martian carbon dioxide using solid oxide electrolysis.,True,moxie_oxygen_generator,MOXIE demonstrated water purification on Mars.,Incorrect,0.0,0.0,1,0.0,0.12,MOXIE demonstrated extracting breathable oxygen from Martian carbon dioxide using solid oxide electrolysis.,Correct,1.0,1.0,0,0.9167,3,0.6845,16.03,"[1] (moxie_oxygen_generator.txt)
# MOXIE: Mars Oxygen In-Situ Resource Utilization Experiment
MOXIE is a technology demonstration experiment on NASA's Perseverance rover that successfully proved the capability of extracting breathable oxygen from Mars's carbon dioxide-rich atmosphere.

[2] (moxie_oxygen_generator.txt)
he capability of extracting breathable oxygen from Mars's carbon dioxide-rich atmosphere.
Developed by the Massachusetts Institute of Technology (MIT), MOXIE uses solid oxide electrolysis (SOXE) to ingest Martian atmospheric CO2, filter and compress it, and heat it to 800 degrees Celsius. The electrochemical reaction splits carbon dioxide (CO2) into carbon monoxide (CO) and oxygen ions (O2).

[3] (moxie_oxygen_generator.txt)
ical reaction splits carbon dioxide (CO2) into carbon monoxide (CO) and oxygen ions (O2).
Between April 2021 and August 2023, MOXIE completed 16 production runs, producing a total of 122 grams of oxygen with 98% purity, demonstrating a critical technology for future human missions to Mars.",uncertain,0,0,100.0,MOXIE demonstrated extracting breathable oxygen from Martian carbon dioxide using solid oxide electrolysis.,Correct,1.0,1.0,0,0.9167,5,0.6845,39.06,"[1] (moxie_oxygen_generator.txt)
# MOXIE: Mars Oxygen In-Situ Resource Utilization Experiment
MOXIE is a technology demonstration experiment on NASA's Perseverance rover that successfully proved the capability of extracting breathable oxygen from Mars's carbon dioxide-rich atmosphere.

[2] (moxie_oxygen_generator.txt)
he capability of extracting breathable oxygen from Mars's carbon dioxide-rich atmosphere.
Developed by the Massachusetts Institute of Technology (MIT), MOXIE uses solid oxide electrolysis (SOXE) to ingest Martian atmospheric CO2, filter and compress it, and heat it to 800 degrees Celsius. The electrochemical reaction splits carbon dioxide (CO2) into carbon monoxide (CO) and oxygen ions (O2).

[3] (moxie_oxygen_generator.txt)
ical reaction splits carbon dioxide (CO2) into carbon monoxide (CO) and oxygen ions (O2).
Between April 2021 and August 2023, MOXIE completed 16 production runs, producing a total of 122 grams of oxygen with 98% purity, demonstrating a critical technology for future human missions to Mars.

[4] (perseverance_rover_mars.txt)
# Mars 2020 Perseverance Rover
Perseverance is a car-sized Mars rover designed to explore Jezero crater on Mars as part of NASA's Mars 2020 mission. It was manufactured by the Jet Propulsion Laboratory and launched on July 30, 2020. Perseverance landed successfully on Mars on February 18, 2021.
The rover carries seven primary scientific instruments, including SuperCam, PIXL, SHERLOC, and the MOXIE experiment, which demonstrated the production of breathable oxygen from Martian carbon dioxide on April 20, 2021.

[5] (perseverance_rover_mars.txt)
trated the production of breathable oxygen from Martian carbon dioxide on April 20, 2021.
Perseverance also carried the Ingenuity helicopter, a technology demonstration drone that completed 72 flights between April 2021 and January 2024 before sustaining rotor damage. Perseverance is collecting rock core samples to be returned to Earth in a future Mars Sample Return mission.",MOXIE demonstrated extracting breathable oxygen from Martian carbon dioxide using solid oxide electrolysis.,Correct,1.0,1.0,0,0.9167,3,0.6845,23.4,"[1] (moxie_oxygen_generator.txt)
# MOXIE: Mars Oxygen In-Situ Resource Utilization Experiment
MOXIE is a technology demonstration experiment on NASA's Perseverance rover that successfully proved the capability of extracting breathable oxygen from Mars's carbon dioxide-rich atmosphere.

[2] (moxie_oxygen_generator.txt)
he capability of extracting breathable oxygen from Mars's carbon dioxide-rich atmosphere.
Developed by the Massachusetts Institute of Technology (MIT), MOXIE uses solid oxide electrolysis (SOXE) to ingest Martian atmospheric CO2, filter and compress it, and heat it to 800 degrees Celsius. The electrochemical reaction splits carbon dioxide (CO2) into carbon monoxide (CO) and oxygen ions (O2).

[3] (moxie_oxygen_generator.txt)
ical reaction splits carbon dioxide (CO2) into carbon monoxide (CO) and oxygen ions (O2).
Between April 2021 and August 2023, MOXIE completed 16 production runs, producing a total of 122 grams of oxygen with 98% purity, demonstrating a critical technology for future human missions to Mars."
Q14,Direct_Fact,How much did the DART impact shorten Dimorphos's orbital period around Didymos?,By 32 minutes (from 11 hours 55 minutes).,True,dart_mission,DART shortened Dimorphos's orbit by 7 minutes.,Partially Correct,0.5,0.0,1,0.2667,0.18,The DART impact shortened Dimorphos's orbital period by 32 minutes.,Partially Correct,0.5,1.0,1,0.3529,3,0.6238,25.79,"[1] (dart_mission.txt)
# DART Planetary Defense Mission
The Double Asteroid Redirection Test (DART) was a NASA planetary defense mission designed to test the kinetic impactor technique for deflecting a hazardous asteroid.
Launched on November 24, 2021, DART targeted Dimorphos, a 160-meter-wide asteroid moonlet orbiting the larger asteroid Didymos. On September 26, 2022, the 570-kg DART spacecraft intentionally impacted Dimorphos at a speed of approximately 6.6 km/s (24,000 km/h).

[2] (dart_mission.txt)
raft intentionally impacted Dimorphos at a speed of approximately 6.6 km/s (24,000 km/h).
Telescope observations confirmed that the impact shortened Dimorphos's 11-hour and 55-minute orbital period by 32 minutes—far exceeding NASA's minimum benchmark of 73 seconds. This was humanity's first successful demonstration of asteroid deflection technology. The Italian LICIACube cubesat trailed DART to photograph the impact plume.

[3] (artemis_program_overview.txt)
ding Systems (such as SpaceX Starship HLS) and the planned lunar orbital Gateway station.
Artemis 1 was an uncrewed flight test launched on November 16, 2022, sending Orion on a 25.5-day journey around the Moon. Artemis 2 is a planned crewed lunar flyby with four astronauts (Reid Wiseman, Victor Glover, Christina Koch, and Jeremy Hansen). Artemis 3 aims to land the first woman and first person of color on the lunar surface.",supported,1,0,100.0,The DART impact shortened Dimorphos's orbital period by 32 minutes.,Partially Correct,0.5,1.0,1,0.3529,5,0.6238,26.8,"[1] (dart_mission.txt)
# DART Planetary Defense Mission
The Double Asteroid Redirection Test (DART) was a NASA planetary defense mission designed to test the kinetic impactor technique for deflecting a hazardous asteroid.
Launched on November 24, 2021, DART targeted Dimorphos, a 160-meter-wide asteroid moonlet orbiting the larger asteroid Didymos. On September 26, 2022, the 570-kg DART spacecraft intentionally impacted Dimorphos at a speed of approximately 6.6 km/s (24,000 km/h).

[2] (dart_mission.txt)
raft intentionally impacted Dimorphos at a speed of approximately 6.6 km/s (24,000 km/h).
Telescope observations confirmed that the impact shortened Dimorphos's 11-hour and 55-minute orbital period by 32 minutes—far exceeding NASA's minimum benchmark of 73 seconds. This was humanity's first successful demonstration of asteroid deflection technology. The Italian LICIACube cubesat trailed DART to photograph the impact plume.

[3] (artemis_program_overview.txt)
ding Systems (such as SpaceX Starship HLS) and the planned lunar orbital Gateway station.
Artemis 1 was an uncrewed flight test launched on November 16, 2022, sending Orion on a 25.5-day journey around the Moon. Artemis 2 is a planned crewed lunar flyby with four astronauts (Reid Wiseman, Victor Glover, Christina Koch, and Jeremy Hansen). Artemis 3 aims to land the first woman and first person of color on the lunar surface.

[4] (spitzer_space_telescope.txt)
m Mission' continued using two short-wavelength infrared channels until January 30, 2020.
Spitzer discovered the largest ring around Saturn (the Phoebe ring) and was pivotal in measuring the atmospheric composition and weather of exoplanets, including the discovery of seven Earth-sized planets around the TRAPPIST-1 ultracool dwarf star.

[5] (juno_mission_jupiter.txt)
# Juno Mission to Jupiter
Juno is a NASA New Frontiers space probe launched on August 5, 2011, aboard an Atlas V rocket. It entered a polar orbit around Jupiter on July 5, 2016.
Juno's primary scientific goals are to understand Jupiter's origin and evolution, determine the amount of water in Jupiter's deep atmosphere, measure its gravitational and magnetic fields, and investigate its massive magnetosphere.",The DART impact shortened Dimorphos's orbital period by 32 minutes.,Partially Correct,0.5,1.0,1,0.3529,3,0.6238,22.97,"[1] (dart_mission.txt)
# DART Planetary Defense Mission
The Double Asteroid Redirection Test (DART) was a NASA planetary defense mission designed to test the kinetic impactor technique for deflecting a hazardous asteroid.
Launched on November 24, 2021, DART targeted Dimorphos, a 160-meter-wide asteroid moonlet orbiting the larger asteroid Didymos. On September 26, 2022, the 570-kg DART spacecraft intentionally impacted Dimorphos at a speed of approximately 6.6 km/s (24,000 km/h).

[2] (dart_mission.txt)
raft intentionally impacted Dimorphos at a speed of approximately 6.6 km/s (24,000 km/h).
Telescope observations confirmed that the impact shortened Dimorphos's 11-hour and 55-minute orbital period by 32 minutes—far exceeding NASA's minimum benchmark of 73 seconds. This was humanity's first successful demonstration of asteroid deflection technology. The Italian LICIACube cubesat trailed DART to photograph the impact plume.

[3] (artemis_program_overview.txt)
ding Systems (such as SpaceX Starship HLS) and the planned lunar orbital Gateway station.
Artemis 1 was an uncrewed flight test launched on November 16, 2022, sending Orion on a 25.5-day journey around the Moon. Artemis 2 is a planned crewed lunar flyby with four astronauts (Reid Wiseman, Victor Glover, Christina Koch, and Jeremy Hansen). Artemis 3 aims to land the first woman and first person of color on the lunar surface."
Q15,Direct_Fact,What orbital location and launch date correspond to India's Aditya-L1 solar observatory?,"Halo orbit around Sun-Earth L1 Lagrange point, launched on September 2, 2023.",True,aditya_l1_solar_observatory,Aditya-L1 is stationed in geostationary orbit around Earth.,Incorrect,0.0,0.0,1,0.2,0.09,"Aditya-L1 was launched on September 2, 2023, into a halo orbit around the Sun-Earth L1 Lagrange point.",Correct,1.0,1.0,0,0.8889,3,0.8042,21.24,"[1] (aditya_l1_solar_observatory.txt)
# Aditya-L1 Solar Mission
Aditya-L1 is India's first dedicated solar observatory spacecraft, developed by ISRO. Launched on September 2, 2023, aboard a PSLV-C57 rocket from Satish Dhawan Space Centre, the spacecraft traveled 1.5 million kilometers over 126 days.
On January 6, 2024, Aditya-L1 successfully entered a halo orbit around the Sun-Earth L1 Lagrange point.

[2] (aditya_l1_solar_observatory.txt)
2024, Aditya-L1 successfully entered a halo orbit around the Sun-Earth L1 Lagrange point.
The observatory carries seven scientific payloads: four for remote sensing of the Sun (including the Visible Emission Line Coronagraph - VELC and Solar Ultraviolet Imaging Telescope - SUIT) and three for in-situ observations of solar wind particles and magnetic fields (including ASPEX, PAPA, and MAG). The mission studies coronal heating, coronal mass ejections (CMEs), and space weather dynamics.

[3] (chandrayaan_1_mission.txt)
# Chandrayaan-1 Lunar Mission
Chandrayaan-1 was India's first lunar probe, launched by the Indian Space Research Organisation (ISRO) on October 22, 2008, using a Polar Satellite Launch Vehicle (PSLV-C11) from the Satish Dhawan Space Centre at Sriharikota.
The mission operated until August 2009. The spacecraft carried 11 scientific instruments: five Indian and six from foreign agencies including NASA and ESA.",uncertain,0,0,100.0,"Aditya-L1 was launched on September 2, 2023, into a halo orbit around the Sun-Earth L1 Lagrange point.",Correct,1.0,1.0,0,0.8889,5,0.8042,22.81,"[1] (aditya_l1_solar_observatory.txt)
# Aditya-L1 Solar Mission
Aditya-L1 is India's first dedicated solar observatory spacecraft, developed by ISRO. Launched on September 2, 2023, aboard a PSLV-C57 rocket from Satish Dhawan Space Centre, the spacecraft traveled 1.5 million kilometers over 126 days.
On January 6, 2024, Aditya-L1 successfully entered a halo orbit around the Sun-Earth L1 Lagrange point.

[2] (aditya_l1_solar_observatory.txt)
2024, Aditya-L1 successfully entered a halo orbit around the Sun-Earth L1 Lagrange point.
The observatory carries seven scientific payloads: four for remote sensing of the Sun (including the Visible Emission Line Coronagraph - VELC and Solar Ultraviolet Imaging Telescope - SUIT) and three for in-situ observations of solar wind particles and magnetic fields (including ASPEX, PAPA, and MAG). The mission studies coronal heating, coronal mass ejections (CMEs), and space weather dynamics.

[3] (chandrayaan_1_mission.txt)
# Chandrayaan-1 Lunar Mission
Chandrayaan-1 was India's first lunar probe, launched by the Indian Space Research Organisation (ISRO) on October 22, 2008, using a Polar Satellite Launch Vehicle (PSLV-C11) from the Satish Dhawan Space Centre at Sriharikota.
The mission operated until August 2009. The spacecraft carried 11 scientific instruments: five Indian and six from foreign agencies including NASA and ESA.

[4] (chandra_xray_observatory.txt)
# Chandra X-ray Observatory
The Chandra X-ray Observatory is a NASA flagship space telescope launched on July 23, 1999, by Space Shuttle Columbia (STS-93). Named after Indian-American Nobel laureate Subrahmanyan Chandrasekhar, the observatory is designed to detect X-ray emissions from extremely hot and energetic regions of the Universe.
Chandra operates in a highly elliptical geocentric orbit, extending more than 130,000 kilometers away from Earth at apogee to avoid Earth's radiation belts.

[5] (spitzer_space_telescope.txt)
# Spitzer Space Telescope
The Spitzer Space Telescope was an infrared space observatory launched by NASA on August 25, 2003, aboard a Delta II rocket. It was the final mission of NASA's Great Observatories program (alongside Hubble, Compton Gamma Ray Observatory, and Chandra).","Aditya-L1 was launched on September 2, 2023, into a halo orbit around the Sun-Earth L1 Lagrange point.",Correct,1.0,1.0,0,0.8889,3,0.8042,24.74,"[1] (aditya_l1_solar_observatory.txt)
# Aditya-L1 Solar Mission
Aditya-L1 is India's first dedicated solar observatory spacecraft, developed by ISRO. Launched on September 2, 2023, aboard a PSLV-C57 rocket from Satish Dhawan Space Centre, the spacecraft traveled 1.5 million kilometers over 126 days.
On January 6, 2024, Aditya-L1 successfully entered a halo orbit around the Sun-Earth L1 Lagrange point.

[2] (aditya_l1_solar_observatory.txt)
2024, Aditya-L1 successfully entered a halo orbit around the Sun-Earth L1 Lagrange point.
The observatory carries seven scientific payloads: four for remote sensing of the Sun (including the Visible Emission Line Coronagraph - VELC and Solar Ultraviolet Imaging Telescope - SUIT) and three for in-situ observations of solar wind particles and magnetic fields (including ASPEX, PAPA, and MAG). The mission studies coronal heating, coronal mass ejections (CMEs), and space weather dynamics.

[3] (chandrayaan_1_mission.txt)
# Chandrayaan-1 Lunar Mission
Chandrayaan-1 was India's first lunar probe, launched by the Indian Space Research Organisation (ISRO) on October 22, 2008, using a Polar Satellite Launch Vehicle (PSLV-C11) from the Satish Dhawan Space Centre at Sriharikota.
The mission operated until August 2009. The spacecraft carried 11 scientific instruments: five Indian and six from foreign agencies including NASA and ESA."
Q16,Direct_Fact,What is the landing accuracy achieved by Japan's SLIM 'Moon Sniper' lander?,55 meters from its target site near Shioli crater.,True,slims_moon_sniper,SLIM touched down within 1 kilometer of its target.,Incorrect,0.0,0.0,1,0.2222,0.08,SLIM achieved a pinpoint landing accuracy of 55 meters from its target near Shioli crater.,Correct,1.0,1.0,0,0.6957,3,0.6653,16.34,"[1] (slims_moon_sniper.txt)
# Smart Lander for Investigating Moon (SLIM)
SLIM ('Moon Sniper') was a precision lunar lander mission developed by the Japan Aerospace Exploration Agency (JAXA). Launched on September 6, 2023, aboard an H-IIA rocket alongside the XRISM telescope, SLIM aimed to achieve pinpoint landing accuracy within 100 meters.
On January 19, 2024, SLIM touched down near Shioli crater. Telemetry confirmed it landed just 55 meters from its target, achieving the most accurate extraterrestrial landing in history.

[2] (slims_moon_sniper.txt)
meters from its target, achieving the most accurate extraterrestrial landing in history.
Although SLIM rolled upside down during touchdown due to an engine thruster failure, its solar panels generated power as the sun angle shifted, allowing it to survive multiple freezing two-week lunar nights. The mission deployed two LEV (Lunar Excursion Vehicle) mini-probes.

[3] (chandrayaan_3_mission.txt)
ntre, the mission aimed to demonstrate safe soft landing and roving on the lunar surface.
On August 23, 2023, at 18:04 IST (12:34 UTC), the Vikram lander successfully touched down near the lunar south polar region at 69.37 degrees South latitude and 32.35 degrees East longitude (named Shiv Shakti Point). This made India the first nation to land successfully in the lunar south polar area and the fourth nation overall to achieve a soft lunar landing.",uncertain,0,0,100.0,SLIM achieved a pinpoint landing accuracy of 55 meters from its target near Shioli crater.,Correct,1.0,1.0,0,0.6957,5,0.6653,20.64,"[1] (slims_moon_sniper.txt)
# Smart Lander for Investigating Moon (SLIM)
SLIM ('Moon Sniper') was a precision lunar lander mission developed by the Japan Aerospace Exploration Agency (JAXA). Launched on September 6, 2023, aboard an H-IIA rocket alongside the XRISM telescope, SLIM aimed to achieve pinpoint landing accuracy within 100 meters.
On January 19, 2024, SLIM touched down near Shioli crater. Telemetry confirmed it landed just 55 meters from its target, achieving the most accurate extraterrestrial landing in history.

[2] (slims_moon_sniper.txt)
meters from its target, achieving the most accurate extraterrestrial landing in history.
Although SLIM rolled upside down during touchdown due to an engine thruster failure, its solar panels generated power as the sun angle shifted, allowing it to survive multiple freezing two-week lunar nights. The mission deployed two LEV (Lunar Excursion Vehicle) mini-probes.

[3] (chandrayaan_3_mission.txt)
ntre, the mission aimed to demonstrate safe soft landing and roving on the lunar surface.
On August 23, 2023, at 18:04 IST (12:34 UTC), the Vikram lander successfully touched down near the lunar south polar region at 69.37 degrees South latitude and 32.35 degrees East longitude (named Shiv Shakti Point). This made India the first nation to land successfully in the lunar south polar area and the fourth nation overall to achieve a soft lunar landing.

[4] (artemis_program_overview.txt)
# NASA Artemis Program
The Artemis program is a NASA-led robotic and human exploration initiative aiming to return humans to the Moon, specifically the lunar south pole region, by the mid-2020s.
The program utilizes the Space Launch System (SLS) super heavy-lift rocket and the Orion spacecraft, alongside commercial Human Landing Systems (such as SpaceX Starship HLS) and the planned lunar orbital Gateway station.

[5] (chandrayaan_2_orbiter.txt)
# Chandrayaan-2 Mission and Orbiter
Chandrayaan-2 was India's second lunar exploration mission, launched on July 22, 2019, aboard a GSLV Mk III rocket from Sriharikota. The mission included an orbiter, the Vikram lander, and the Pragyan rover.
During the landing attempt on September 6, 2019, the Vikram lander deviated from its planned trajectory and crashed onto the lunar surface due to a software glitch during fine braking.",SLIM achieved a pinpoint landing accuracy of 55 meters from its target near Shioli crater.,Correct,1.0,1.0,0,0.6957,3,0.6653,16.26,"[1] (slims_moon_sniper.txt)
# Smart Lander for Investigating Moon (SLIM)
SLIM ('Moon Sniper') was a precision lunar lander mission developed by the Japan Aerospace Exploration Agency (JAXA). Launched on September 6, 2023, aboard an H-IIA rocket alongside the XRISM telescope, SLIM aimed to achieve pinpoint landing accuracy within 100 meters.
On January 19, 2024, SLIM touched down near Shioli crater. Telemetry confirmed it landed just 55 meters from its target, achieving the most accurate extraterrestrial landing in history.

[2] (slims_moon_sniper.txt)
meters from its target, achieving the most accurate extraterrestrial landing in history.
Although SLIM rolled upside down during touchdown due to an engine thruster failure, its solar panels generated power as the sun angle shifted, allowing it to survive multiple freezing two-week lunar nights. The mission deployed two LEV (Lunar Excursion Vehicle) mini-probes.

[3] (chandrayaan_3_mission.txt)
ntre, the mission aimed to demonstrate safe soft landing and roving on the lunar surface.
On August 23, 2023, at 18:04 IST (12:34 UTC), the Vikram lander successfully touched down near the lunar south polar region at 69.37 degrees South latitude and 32.35 degrees East longitude (named Shiv Shakti Point). This made India the first nation to land successfully in the lunar south polar area and the fourth nation overall to achieve a soft lunar landing."
Q17,Direct_Fact,What are the names of the two outer planets visited exclusively by Voyager 2?,Uranus and Neptune.,True,voyager_2_probe,"Voyager 2 visited Uranus, Neptune, and Pluto.",Correct,1.0,1.0,0,0.6,0.09,Voyager 2 exclusively visited Uranus and Neptune.,Correct,1.0,1.0,0,0.6,3,0.7036,18.12,"[1] (voyager_2_probe.txt)
# Voyager 2 Grand Tour Mission
Voyager 2 is a space probe launched by NASA on August 20, 1977, to study the outer planets. It was launched before Voyager 1 on a trajectory that took longer to reach Jupiter and Saturn but enabled further encounters with Uranus and Neptune. Voyager 2 remains the only spacecraft to have visited either of the ice giant planets: Uranus (closest approach January 24, 1986) and Neptune (closest approach August 25, 1989).

[2] (voyager_2_probe.txt)
ranus (closest approach January 24, 1986) and Neptune (closest approach August 25, 1989).
During its Uranus encounter, Voyager 2 discovered 10 new moons and two new rings. At Neptune, it discovered five moons, four rings, and Neptune's 'Great Dark Spot'. Voyager 2 crossed the heliopause into interstellar space on November 5, 2018, at a distance of 119.7 AU. Like its twin, it carries three radioisotope thermoelectric generators and the Voyager Golden Record.

[3] (voyager_1_probe.txt)
# Voyager 1 Deep Space Mission
Voyager 1 is a space probe launched by NASA on September 5, 1977, as part of the Voyager program to study the outer Solar System and interstellar space. Launched 16 days after its twin, Voyager 2, Voyager 1 communicated through NASA's Deep Space Network to transmit scientific data.",supported,1,0,100.0,Voyager 2 exclusively visited Uranus and Neptune.,Correct,1.0,1.0,0,0.6,5,0.7036,19.58,"[1] (voyager_2_probe.txt)
# Voyager 2 Grand Tour Mission
Voyager 2 is a space probe launched by NASA on August 20, 1977, to study the outer planets. It was launched before Voyager 1 on a trajectory that took longer to reach Jupiter and Saturn but enabled further encounters with Uranus and Neptune. Voyager 2 remains the only spacecraft to have visited either of the ice giant planets: Uranus (closest approach January 24, 1986) and Neptune (closest approach August 25, 1989).

[2] (voyager_2_probe.txt)
ranus (closest approach January 24, 1986) and Neptune (closest approach August 25, 1989).
During its Uranus encounter, Voyager 2 discovered 10 new moons and two new rings. At Neptune, it discovered five moons, four rings, and Neptune's 'Great Dark Spot'. Voyager 2 crossed the heliopause into interstellar space on November 5, 2018, at a distance of 119.7 AU. Like its twin, it carries three radioisotope thermoelectric generators and the Voyager Golden Record.

[3] (voyager_1_probe.txt)
# Voyager 1 Deep Space Mission
Voyager 1 is a space probe launched by NASA on September 5, 1977, as part of the Voyager program to study the outer Solar System and interstellar space. Launched 16 days after its twin, Voyager 2, Voyager 1 communicated through NASA's Deep Space Network to transmit scientific data.

[4] (voyager_interstellar_findings.txt)
# Voyager Interstellar Boundary Discoveries
Data from Voyager 1 and Voyager 2 provided the first in-situ measurements of the outer boundary of the heliosphere.
Voyager 1 detected a sharp drop in solar wind particles and a dramatic surge in galactic cosmic rays on August 25, 2012, marking its passage across the heliopause at 121.6 AU.

[5] (voyager_golden_record.txt)
# The Voyager Golden Record
The Voyager Golden Record is a phonograph record that was included aboard both Voyager 1 and Voyager 2 spacecraft launched in 1977. The records contain sounds and images selected to portray the diversity of life and culture on Earth, intended for any intelligent extraterrestrial life form that might find them.",Voyager 2 exclusively visited Uranus and Neptune.,Correct,1.0,1.0,0,0.6,3,0.7036,22.75,"[1] (voyager_2_probe.txt)
# Voyager 2 Grand Tour Mission
Voyager 2 is a space probe launched by NASA on August 20, 1977, to study the outer planets. It was launched before Voyager 1 on a trajectory that took longer to reach Jupiter and Saturn but enabled further encounters with Uranus and Neptune. Voyager 2 remains the only spacecraft to have visited either of the ice giant planets: Uranus (closest approach January 24, 1986) and Neptune (closest approach August 25, 1989).

[2] (voyager_2_probe.txt)
ranus (closest approach January 24, 1986) and Neptune (closest approach August 25, 1989).
During its Uranus encounter, Voyager 2 discovered 10 new moons and two new rings. At Neptune, it discovered five moons, four rings, and Neptune's 'Great Dark Spot'. Voyager 2 crossed the heliopause into interstellar space on November 5, 2018, at a distance of 119.7 AU. Like its twin, it carries three radioisotope thermoelectric generators and the Voyager Golden Record.

[3] (voyager_1_probe.txt)
# Voyager 1 Deep Space Mission
Voyager 1 is a space probe launched by NASA on September 5, 1977, as part of the Voyager program to study the outer Solar System and interstellar space. Launched 16 days after its twin, Voyager 2, Voyager 1 communicated through NASA's Deep Space Network to transmit scientific data."
Q18,Direct_Fact,Which space shuttle mission deployed the Hubble Space Telescope in 1990?,"Space Shuttle Discovery (STS-31) on April 24, 1990.",True,hubble_space_telescope,Space Shuttle Atlantis (STS-45) deployed Hubble.,Partially Correct,0.5,0.0,1,0.2857,0.08,"Space Shuttle Discovery (STS-31) launched on April 24, 1990.",Correct,1.0,1.0,0,0.9412,3,0.7117,19.52,"[1] (hubble_space_telescope.txt)
# Hubble Space Telescope (HST)
The Hubble Space Telescope was launched into low Earth orbit on April 24, 1990, aboard Space Shuttle Discovery (STS-31) and remains in operation. Hubble's orbit outside the distortion of Earth's atmosphere allows it to capture extremely high-resolution images with substantially lower background light than ground-based telescopes.

[2] (spitzer_space_telescope.txt)
# Spitzer Space Telescope
The Spitzer Space Telescope was an infrared space observatory launched by NASA on August 25, 2003, aboard a Delta II rocket. It was the final mission of NASA's Great Observatories program (alongside Hubble, Compton Gamma Ray Observatory, and Chandra).

[3] (james_webb_space_telescope.txt)
# James Webb Space Telescope (JWST)
The James Webb Space Telescope is a space telescope designed primarily to conduct infrared astronomy. High-resolution and high-sensitivity instruments allow it to view objects too old, distant, or faint for the Hubble Space Telescope.
JWST was launched on December 25, 2021, on an Ariane 5 rocket from Kourou, French Guiana, and arrived at the Sun-Earth L2 Lagrange point in January 2022, approximately 1.5 million kilometers (930,000 miles) from Earth.",supported,1,0,100.0,"Space Shuttle Discovery (STS-31) launched on April 24, 1990.",Correct,1.0,1.0,0,0.9412,5,0.7117,17.48,"[1] (hubble_space_telescope.txt)
# Hubble Space Telescope (HST)
The Hubble Space Telescope was launched into low Earth orbit on April 24, 1990, aboard Space Shuttle Discovery (STS-31) and remains in operation. Hubble's orbit outside the distortion of Earth's atmosphere allows it to capture extremely high-resolution images with substantially lower background light than ground-based telescopes.

[2] (spitzer_space_telescope.txt)
# Spitzer Space Telescope
The Spitzer Space Telescope was an infrared space observatory launched by NASA on August 25, 2003, aboard a Delta II rocket. It was the final mission of NASA's Great Observatories program (alongside Hubble, Compton Gamma Ray Observatory, and Chandra).

[3] (james_webb_space_telescope.txt)
# James Webb Space Telescope (JWST)
The James Webb Space Telescope is a space telescope designed primarily to conduct infrared astronomy. High-resolution and high-sensitivity instruments allow it to view objects too old, distant, or faint for the Hubble Space Telescope.
JWST was launched on December 25, 2021, on an Ariane 5 rocket from Kourou, French Guiana, and arrived at the Sun-Earth L2 Lagrange point in January 2022, approximately 1.5 million kilometers (930,000 miles) from Earth.

[4] (kepler_space_telescope.txt)
# Kepler Space Telescope and Exoplanet Discovery
The Kepler Space Telescope was a NASA space observatory launched on March 7, 2009, to survey a portion of the Milky Way galaxy for Earth-sized exoplanets in or near habitable zones.
Kepler utilized the transit method, monitoring the brightness of more than 150,000 main-sequence stars simultaneously to detect periodic dips caused by transiting planets.

[5] (hubble_deep_field.txt)
# Hubble Deep Field and Cosmic Expansion
The Hubble Deep Field (HDF) was a landmark astronomical observation conducted by the Hubble Space Telescope in December 1995. Over 10 consecutive days and 342 individual exposures, Hubble pointed at a tiny, seemingly empty speck of sky in the constellation Ursa Major.
The resulting composite image revealed nearly 3,000 previously unseen distant galaxies stretching back across billions of light-years of cosmic time.","Space Shuttle Discovery (STS-31) launched on April 24, 1990.",Correct,1.0,1.0,0,0.9412,3,0.7117,16.27,"[1] (hubble_space_telescope.txt)
# Hubble Space Telescope (HST)
The Hubble Space Telescope was launched into low Earth orbit on April 24, 1990, aboard Space Shuttle Discovery (STS-31) and remains in operation. Hubble's orbit outside the distortion of Earth's atmosphere allows it to capture extremely high-resolution images with substantially lower background light than ground-based telescopes.

[2] (spitzer_space_telescope.txt)
# Spitzer Space Telescope
The Spitzer Space Telescope was an infrared space observatory launched by NASA on August 25, 2003, aboard a Delta II rocket. It was the final mission of NASA's Great Observatories program (alongside Hubble, Compton Gamma Ray Observatory, and Chandra).

[3] (james_webb_space_telescope.txt)
# James Webb Space Telescope (JWST)
The James Webb Space Telescope is a space telescope designed primarily to conduct infrared astronomy. High-resolution and high-sensitivity instruments allow it to view objects too old, distant, or faint for the Hubble Space Telescope.
JWST was launched on December 25, 2021, on an Ariane 5 rocket from Kourou, French Guiana, and arrived at the Sun-Earth L2 Lagrange point in January 2022, approximately 1.5 million kilometers (930,000 miles) from Earth."
Q19,Multi_Hop,"Compare the power sources of the Curiosity rover, Juno spacecraft, and Voyager 1 probe.","Curiosity and Voyager 1 use radioisotope thermoelectric generators (RTGs fueled by plutonium-238), whereas Juno is powered by three large solar panel arrays.",True,"curiosity_rover_mars, juno_mission_jupiter, voyager_1_probe","Curiosity, Juno, and Voyager 1 all utilize nuclear plutonium RTG power systems.",Partially Correct,0.5,0.0,1,0.2941,0.09,"Curiosity and Voyager 1 use plutonium-238 RTGs, whereas Juno is powered by three large solar panel arrays.",Correct,1.0,1.0,0,0.8718,3,0.4141,33.42,"[1] (juno_mission_jupiter.txt)
# Juno Mission to Jupiter
Juno is a NASA New Frontiers space probe launched on August 5, 2011, aboard an Atlas V rocket. It entered a polar orbit around Jupiter on July 5, 2016.
Juno's primary scientific goals are to understand Jupiter's origin and evolution, determine the amount of water in Jupiter's deep atmosphere, measure its gravitational and magnetic fields, and investigate its massive magnetosphere.

[2] (voyager_1_probe.txt)
overing active volcanoes on Jupiter's moon Io and intricate structures in Saturn's rings.
Voyager 1 crossed the heliopause and entered interstellar space on August 25, 2012. It carries the Golden Record, a 12-inch gold-plated copper disk containing sounds and images selected to portray the diversity of life and culture on Earth. Its primary electrical power is supplied by three radioisotope thermoelectric generators (RTGs) fueled by plutonium-238.

[3] (juno_mission_jupiter.txt)
measure its gravitational and magnetic fields, and investigate its massive magnetosphere.
Juno is the first mission to Jupiter powered entirely by solar panels rather than RTGs, utilizing three enormous 9-meter solar arrays. Juno discovered that Jupiter possesses a dilute, 'fuzzy' core rather than a dense, solid rocky core, and that its atmospheric jet streams extend thousands of kilometers deep into the planet.",uncertain,0,0,100.0,"Curiosity and Voyager 1 use plutonium-238 RTGs, whereas Juno is powered by three large solar panel arrays.",Correct,1.0,1.0,0,0.8718,5,0.4141,28.56,"[1] (juno_mission_jupiter.txt)
# Juno Mission to Jupiter
Juno is a NASA New Frontiers space probe launched on August 5, 2011, aboard an Atlas V rocket. It entered a polar orbit around Jupiter on July 5, 2016.
Juno's primary scientific goals are to understand Jupiter's origin and evolution, determine the amount of water in Jupiter's deep atmosphere, measure its gravitational and magnetic fields, and investigate its massive magnetosphere.

[2] (voyager_1_probe.txt)
overing active volcanoes on Jupiter's moon Io and intricate structures in Saturn's rings.
Voyager 1 crossed the heliopause and entered interstellar space on August 25, 2012. It carries the Golden Record, a 12-inch gold-plated copper disk containing sounds and images selected to portray the diversity of life and culture on Earth. Its primary electrical power is supplied by three radioisotope thermoelectric generators (RTGs) fueled by plutonium-238.

[3] (juno_mission_jupiter.txt)
measure its gravitational and magnetic fields, and investigate its massive magnetosphere.
Juno is the first mission to Jupiter powered entirely by solar panels rather than RTGs, utilizing three enormous 9-meter solar arrays. Juno discovered that Jupiter possesses a dilute, 'fuzzy' core rather than a dense, solid rocky core, and that its atmospheric jet streams extend thousands of kilometers deep into the planet.

[4] (voyager_1_probe.txt)
# Voyager 1 Deep Space Mission
Voyager 1 is a space probe launched by NASA on September 5, 1977, as part of the Voyager program to study the outer Solar System and interstellar space. Launched 16 days after its twin, Voyager 2, Voyager 1 communicated through NASA's Deep Space Network to transmit scientific data.

[5] (curiosity_rover_mars.txt)
.
Curiosity weighs 899 kg (1,982 lb) and is powered by a Multi-Mission Radioisotope Thermoelectric Generator (MMRTG) using plutonium-238 dioxide. Key instruments include the ChemCam laser spectrometer, the Sample Analysis at Mars (SAM) instrument suite, the Mastcam stereo cameras, and the Alpha Particle X-Ray Spectrometer (APXS). In 2013, Curiosity discovered evidence of an ancient freshwater lake inside Gale Crater that contained all the basic chemical ingredients essential for life (carbon, hydrogen, oxygen, nitrogen, phosphorus, and sulfur).","Curiosity and Voyager 1 use plutonium-238 RTGs, whereas Juno is powered by three large solar panel arrays.",Correct,1.0,1.0,0,0.8718,3,0.4141,23.81,"[1] (juno_mission_jupiter.txt)
# Juno Mission to Jupiter
Juno is a NASA New Frontiers space probe launched on August 5, 2011, aboard an Atlas V rocket. It entered a polar orbit around Jupiter on July 5, 2016.
Juno's primary scientific goals are to understand Jupiter's origin and evolution, determine the amount of water in Jupiter's deep atmosphere, measure its gravitational and magnetic fields, and investigate its massive magnetosphere.

[2] (voyager_1_probe.txt)
overing active volcanoes on Jupiter's moon Io and intricate structures in Saturn's rings.
Voyager 1 crossed the heliopause and entered interstellar space on August 25, 2012. It carries the Golden Record, a 12-inch gold-plated copper disk containing sounds and images selected to portray the diversity of life and culture on Earth. Its primary electrical power is supplied by three radioisotope thermoelectric generators (RTGs) fueled by plutonium-238.

[3] (juno_mission_jupiter.txt)
measure its gravitational and magnetic fields, and investigate its massive magnetosphere.
Juno is the first mission to Jupiter powered entirely by solar panels rather than RTGs, utilizing three enormous 9-meter solar arrays. Juno discovered that Jupiter possesses a dilute, 'fuzzy' core rather than a dense, solid rocky core, and that its atmospheric jet streams extend thousands of kilometers deep into the planet."
Q20,Multi_Hop,"Which two spacecraft have returned physical samples from near-Earth asteroids, and how much sample mass did each return?","Hayabusa2 returned 5.4 grams from asteroid Ryugu, and OSIRIS-REx returned 121.6 grams from asteroid Bennu.",True,"hayabusa2_ryugu, osiris_rex_bennu","Hayabusa returned 100 grams from Itokawa, and OSIRIS-REx returned 5 kilograms from Bennu.",Correct,1.0,0.5,0,0.5714,0.12,"Hayabusa2 returned 5.4 grams from asteroid Ryugu, and OSIRIS-REx returned 121.6 grams from asteroid Bennu.",Correct,1.0,1.0,0,1.0,3,0.5473,23.16,"[1] (osiris_rex_bennu.txt)
# OSIRIS-REx Asteroid Sample Return
OSIRIS-REx (Origins, Spectral Interpretation, Resource Identification, Security, Regolith Explorer) was a NASA asteroid study and sample-return mission launched on September 8, 2016.
The spacecraft arrived at near-Earth carbonaceous asteroid 101955 Bennu in December 2018. On October 20, 2020, OSIRIS-REx performed its Touch-And-Go (TAG) sample collection maneuver, gathering surface material using its TAGSAM arm.

[2] (mars_sample_return.txt)
# Mars Sample Return Architecture
Mars Sample Return (MSR) is a proposed joint NASA and ESA multi-spacecraft campaign to return scientific samples collected by the Perseverance rover from Mars to Earth for laboratory analysis.
The baseline architecture includes three main phases:
1. Sample collection and caching by the Perseverance rover in Jezero Crater.
2. A Sample Retrieval Lander (SRL) carrying the Mars Ascent Vehicle (MAV) rocket to launch the sealed sample container into Mars orbit.

[3] (hayabusa2_ryugu.txt)
# JAXA Hayabusa2 Asteroid Mission
Hayabusa2 was an asteroid sample-return mission operated by the Japanese space agency JAXA. Launched on December 3, 2014, aboard an H-IIA rocket, the spacecraft rendezvoused with near-Earth asteroid 162173 Ryugu in June 2018.
Hayabusa2 deployed multiple rovers (MINERVA-II1A, MINERVA-II1B, and MASCOT) and executed two touchdown sampling maneuvers, including one using a kinetic tantalum projectile to expose sub-surface material.",unsupported,0,1,0.0,"Hayabusa2 returned 5.4 grams from asteroid Ryugu, and OSIRIS-REx returned 121.6 grams from asteroid Bennu.",Correct,1.0,1.0,0,1.0,5,0.5473,24.77,"[1] (osiris_rex_bennu.txt)
# OSIRIS-REx Asteroid Sample Return
OSIRIS-REx (Origins, Spectral Interpretation, Resource Identification, Security, Regolith Explorer) was a NASA asteroid study and sample-return mission launched on September 8, 2016.
The spacecraft arrived at near-Earth carbonaceous asteroid 101955 Bennu in December 2018. On October 20, 2020, OSIRIS-REx performed its Touch-And-Go (TAG) sample collection maneuver, gathering surface material using its TAGSAM arm.

[2] (mars_sample_return.txt)
# Mars Sample Return Architecture
Mars Sample Return (MSR) is a proposed joint NASA and ESA multi-spacecraft campaign to return scientific samples collected by the Perseverance rover from Mars to Earth for laboratory analysis.
The baseline architecture includes three main phases:
1. Sample collection and caching by the Perseverance rover in Jezero Crater.
2. A Sample Retrieval Lander (SRL) carrying the Mars Ascent Vehicle (MAV) rocket to launch the sealed sample container into Mars orbit.

[3] (hayabusa2_ryugu.txt)
# JAXA Hayabusa2 Asteroid Mission
Hayabusa2 was an asteroid sample-return mission operated by the Japanese space agency JAXA. Launched on December 3, 2014, aboard an H-IIA rocket, the spacecraft rendezvoused with near-Earth asteroid 162173 Ryugu in June 2018.
Hayabusa2 deployed multiple rovers (MINERVA-II1A, MINERVA-II1B, and MASCOT) and executed two touchdown sampling maneuvers, including one using a kinetic tantalum projectile to expose sub-surface material.

[4] (hayabusa2_ryugu.txt)
euvers, including one using a kinetic tantalum projectile to expose sub-surface material.
On December 5, 2020, Hayabusa2 returned a capsule containing 5.4 grams of Ryugu samples to Woomera, Australia. Laboratory examination revealed uracil (one of the four nucleobases in RNA), vitamin B3 (niacin), and 20 different amino acids, supporting the hypothesis that prebiotic compounds were delivered to early Earth via carbonaceous asteroids.

[5] (lucy_trojan_asteroids.txt)
# Lucy Mission to the Trojan Asteroids
Lucy is a NASA space probe launched on October 16, 2021, aboard an Atlas V rocket. It is the first space mission designed to explore the Jupiter Trojan asteroids—swarms of primitive planetesimals trapped in Jupiter's L4 and L5 Lagrange points.
Lucy's 12-year primary mission includes flybys of two main-belt asteroids (Dinkinesh in November 2023 and Donaldjohanson in April 2025) and eight Trojan asteroids (Eurybates, Polymele, Leucus, Orus, Patroclus, and Menoetius, plus discovered satellites).","Hayabusa2 returned 5.4 grams from asteroid Ryugu, and OSIRIS-REx returned 121.6 grams from asteroid Bennu.",Correct,1.0,1.0,0,1.0,3,0.5473,22.46,"[1] (osiris_rex_bennu.txt)
# OSIRIS-REx Asteroid Sample Return
OSIRIS-REx (Origins, Spectral Interpretation, Resource Identification, Security, Regolith Explorer) was a NASA asteroid study and sample-return mission launched on September 8, 2016.
The spacecraft arrived at near-Earth carbonaceous asteroid 101955 Bennu in December 2018. On October 20, 2020, OSIRIS-REx performed its Touch-And-Go (TAG) sample collection maneuver, gathering surface material using its TAGSAM arm.

[2] (mars_sample_return.txt)
# Mars Sample Return Architecture
Mars Sample Return (MSR) is a proposed joint NASA and ESA multi-spacecraft campaign to return scientific samples collected by the Perseverance rover from Mars to Earth for laboratory analysis.
The baseline architecture includes three main phases:
1. Sample collection and caching by the Perseverance rover in Jezero Crater.
2. A Sample Retrieval Lander (SRL) carrying the Mars Ascent Vehicle (MAV) rocket to launch the sealed sample container into Mars orbit.

[3] (hayabusa2_ryugu.txt)
# JAXA Hayabusa2 Asteroid Mission
Hayabusa2 was an asteroid sample-return mission operated by the Japanese space agency JAXA. Launched on December 3, 2014, aboard an H-IIA rocket, the spacecraft rendezvoused with near-Earth asteroid 162173 Ryugu in June 2018.
Hayabusa2 deployed multiple rovers (MINERVA-II1A, MINERVA-II1B, and MASCOT) and executed two touchdown sampling maneuvers, including one using a kinetic tantalum projectile to expose sub-surface material."
Q21,Multi_Hop,How do the observational approaches of Kepler and TESS differ in surveying the sky for exoplanets?,"Kepler monitored a single fixed narrow field of stars continuously, while TESS is an all-sky survey dividing 85% of the sky into 26 sectors to monitor nearby bright stars.",True,"kepler_space_telescope, tess_space_telescope",Kepler and TESS both monitor the entire sky simultaneously using infrared optics.,Incorrect,0.0,0.0,1,0.2162,0.17,"Kepler monitored a single fixed narrow field of stars continuously, while TESS is an all-sky survey monitoring 85% of the sky across 26 sectors.",Correct,1.0,1.0,0,0.8085,3,0.7369,21.31,"[1] (tess_space_telescope.txt)
# Transiting Exoplanet Survey Satellite (TESS)
TESS is an all-sky exoplanet-hunting space telescope developed by MIT and NASA, launched on April 18, 2018, aboard a SpaceX Falcon 9 rocket.
Unlike Kepler, which stared continuously at a single narrow field of view, TESS monitors 85% of the sky by dividing it into 26 observation sectors, focusing on nearby bright stars located within 30 to 300 light-years of Earth.

[2] (tess_space_telescope.txt)
n sectors, focusing on nearby bright stars located within 30 to 300 light-years of Earth.
TESS uses four wide-field optical CCD cameras with a combined field of view of 24 by 96 degrees. By 2024, TESS had identified over 7,000 candidate exoplanets (TESS Objects of Interest, or TOIs) and hundreds of confirmed exoplanets, including habitable-zone worlds like TOI-700 d and TOI-700 e.

[3] (kepler_space_telescope.txt)
# Kepler Space Telescope and Exoplanet Discovery
The Kepler Space Telescope was a NASA space observatory launched on March 7, 2009, to survey a portion of the Milky Way galaxy for Earth-sized exoplanets in or near habitable zones.
Kepler utilized the transit method, monitoring the brightness of more than 150,000 main-sequence stars simultaneously to detect periodic dips caused by transiting planets.",uncertain,0,0,100.0,"Kepler monitored a single fixed narrow field of stars continuously, while TESS is an all-sky survey monitoring 85% of the sky across 26 sectors.",Correct,1.0,1.0,0,0.8085,5,0.7369,20.98,"[1] (tess_space_telescope.txt)
# Transiting Exoplanet Survey Satellite (TESS)
TESS is an all-sky exoplanet-hunting space telescope developed by MIT and NASA, launched on April 18, 2018, aboard a SpaceX Falcon 9 rocket.
Unlike Kepler, which stared continuously at a single narrow field of view, TESS monitors 85% of the sky by dividing it into 26 observation sectors, focusing on nearby bright stars located within 30 to 300 light-years of Earth.

[2] (tess_space_telescope.txt)
n sectors, focusing on nearby bright stars located within 30 to 300 light-years of Earth.
TESS uses four wide-field optical CCD cameras with a combined field of view of 24 by 96 degrees. By 2024, TESS had identified over 7,000 candidate exoplanets (TESS Objects of Interest, or TOIs) and hundreds of confirmed exoplanets, including habitable-zone worlds like TOI-700 d and TOI-700 e.

[3] (kepler_space_telescope.txt)
# Kepler Space Telescope and Exoplanet Discovery
The Kepler Space Telescope was a NASA space observatory launched on March 7, 2009, to survey a portion of the Milky Way galaxy for Earth-sized exoplanets in or near habitable zones.
Kepler utilized the transit method, monitoring the brightness of more than 150,000 main-sequence stars simultaneously to detect periodic dips caused by transiting planets.

[4] (kepler_space_telescope.txt)
equence stars simultaneously to detect periodic dips caused by transiting planets.
Over its primary and extended K2 mission, Kepler discovered over 2,600 confirmed exoplanets, proving that planets are more numerous than stars in our galaxy. Key discoveries included Kepler-22b (first planet confirmed in a habitable zone around a Sun-like star) and Kepler-186f (first Earth-sized planet discovered in the habitable zone of an M-dwarf star). The telescope was officially retired on October 30, 2018, after running out of onboard attitude-control fuel.

[5] (spitzer_space_telescope.txt)
m Mission' continued using two short-wavelength infrared channels until January 30, 2020.
Spitzer discovered the largest ring around Saturn (the Phoebe ring) and was pivotal in measuring the atmospheric composition and weather of exoplanets, including the discovery of seven Earth-sized planets around the TRAPPIST-1 ultracool dwarf star.","Kepler monitored a single fixed narrow field of stars continuously, while TESS is an all-sky survey monitoring 85% of the sky across 26 sectors.",Correct,1.0,1.0,0,0.8085,3,0.7369,21.72,"[1] (tess_space_telescope.txt)
# Transiting Exoplanet Survey Satellite (TESS)
TESS is an all-sky exoplanet-hunting space telescope developed by MIT and NASA, launched on April 18, 2018, aboard a SpaceX Falcon 9 rocket.
Unlike Kepler, which stared continuously at a single narrow field of view, TESS monitors 85% of the sky by dividing it into 26 observation sectors, focusing on nearby bright stars located within 30 to 300 light-years of Earth.

[2] (tess_space_telescope.txt)
n sectors, focusing on nearby bright stars located within 30 to 300 light-years of Earth.
TESS uses four wide-field optical CCD cameras with a combined field of view of 24 by 96 degrees. By 2024, TESS had identified over 7,000 candidate exoplanets (TESS Objects of Interest, or TOIs) and hundreds of confirmed exoplanets, including habitable-zone worlds like TOI-700 d and TOI-700 e.

[3] (kepler_space_telescope.txt)
# Kepler Space Telescope and Exoplanet Discovery
The Kepler Space Telescope was a NASA space observatory launched on March 7, 2009, to survey a portion of the Milky Way galaxy for Earth-sized exoplanets in or near habitable zones.
Kepler utilized the transit method, monitoring the brightness of more than 150,000 main-sequence stars simultaneously to detect periodic dips caused by transiting planets."
Q22,Multi_Hop,What is the difference in primary mission destination and landing mechanism between Mars Pathfinder and Chandrayaan-3?,"Mars Pathfinder landed on Mars (Ares Vallis) using a parachute and 24 cushioning airbags, whereas Chandrayaan-3 soft-landed on the lunar south pole using throttleable rocket engines.",True,"mars_pathfinder_sojourner, chandrayaan_3_mission",Both missions used rocket thrusters and sky-cranes.,Incorrect,0.0,0.0,1,0.129,0.1,"Mars Pathfinder landed on Mars using a parachute and 24 cushioning airbags, while Chandrayaan-3 soft-landed on the Moon using throttleable rocket engines.",Correct,1.0,1.0,0,0.8182,3,0.6121,19.76,"[1] (chandrayaan_3_mission.txt)
# Chandrayaan-3 Historic Lunar Landing
Chandrayaan-3 was the third mission in the Chandrayaan programme developed by ISRO. Launched on July 14, 2023, aboard an LVM3-M4 rocket from Satish Dhawan Space Centre, the mission aimed to demonstrate safe soft landing and roving on the lunar surface.

[2] (chandrayaan_2_orbiter.txt)
# Chandrayaan-2 Mission and Orbiter
Chandrayaan-2 was India's second lunar exploration mission, launched on July 22, 2019, aboard a GSLV Mk III rocket from Sriharikota. The mission included an orbiter, the Vikram lander, and the Pragyan rover.
During the landing attempt on September 6, 2019, the Vikram lander deviated from its planned trajectory and crashed onto the lunar surface due to a software glitch during fine braking.

[3] (mars_pathfinder_sojourner.txt)
# Mars Pathfinder and Sojourner Rover
Mars Pathfinder was an American robotic spacecraft launched on December 4, 1996, that landed a base station with a lightweight rover on Mars's Ares Vallis on July 4, 1997.
The mission utilized an innovative direct atmospheric entry with parachutes and a cluster of 24 giant airbags to cushion touchdown.",unsupported,0,1,0.0,"Mars Pathfinder landed on Mars using a parachute and 24 cushioning airbags, while Chandrayaan-3 soft-landed on the Moon using throttleable rocket engines.",Correct,1.0,1.0,0,0.8182,5,0.6121,18.31,"[1] (chandrayaan_3_mission.txt)
# Chandrayaan-3 Historic Lunar Landing
Chandrayaan-3 was the third mission in the Chandrayaan programme developed by ISRO. Launched on July 14, 2023, aboard an LVM3-M4 rocket from Satish Dhawan Space Centre, the mission aimed to demonstrate safe soft landing and roving on the lunar surface.

[2] (chandrayaan_2_orbiter.txt)
# Chandrayaan-2 Mission and Orbiter
Chandrayaan-2 was India's second lunar exploration mission, launched on July 22, 2019, aboard a GSLV Mk III rocket from Sriharikota. The mission included an orbiter, the Vikram lander, and the Pragyan rover.
During the landing attempt on September 6, 2019, the Vikram lander deviated from its planned trajectory and crashed onto the lunar surface due to a software glitch during fine braking.

[3] (mars_pathfinder_sojourner.txt)
# Mars Pathfinder and Sojourner Rover
Mars Pathfinder was an American robotic spacecraft launched on December 4, 1996, that landed a base station with a lightweight rover on Mars's Ares Vallis on July 4, 1997.
The mission utilized an innovative direct atmospheric entry with parachutes and a cluster of 24 giant airbags to cushion touchdown.

[4] (chandrayaan_3_mission.txt)
ntre, the mission aimed to demonstrate safe soft landing and roving on the lunar surface.
On August 23, 2023, at 18:04 IST (12:34 UTC), the Vikram lander successfully touched down near the lunar south polar region at 69.37 degrees South latitude and 32.35 degrees East longitude (named Shiv Shakti Point). This made India the first nation to land successfully in the lunar south polar area and the fourth nation overall to achieve a soft lunar landing.

[5] (curiosity_rover_mars.txt)
# Mars Science Laboratory (Curiosity Rover)
The Curiosity rover, part of NASA's Mars Science Laboratory (MSL) mission, landed in Gale Crater on Mars on August 6, 2012. The rover's primary mission was to investigate the Martian climate and geology, and to assess whether the Gale Crater area ever had an environment capable of supporting microbial life.","Mars Pathfinder landed on Mars using a parachute and 24 cushioning airbags, while Chandrayaan-3 soft-landed on the Moon using throttleable rocket engines.",Correct,1.0,1.0,0,0.8182,3,0.6121,22.27,"[1] (chandrayaan_3_mission.txt)
# Chandrayaan-3 Historic Lunar Landing
Chandrayaan-3 was the third mission in the Chandrayaan programme developed by ISRO. Launched on July 14, 2023, aboard an LVM3-M4 rocket from Satish Dhawan Space Centre, the mission aimed to demonstrate safe soft landing and roving on the lunar surface.

[2] (chandrayaan_2_orbiter.txt)
# Chandrayaan-2 Mission and Orbiter
Chandrayaan-2 was India's second lunar exploration mission, launched on July 22, 2019, aboard a GSLV Mk III rocket from Sriharikota. The mission included an orbiter, the Vikram lander, and the Pragyan rover.
During the landing attempt on September 6, 2019, the Vikram lander deviated from its planned trajectory and crashed onto the lunar surface due to a software glitch during fine braking.

[3] (mars_pathfinder_sojourner.txt)
# Mars Pathfinder and Sojourner Rover
Mars Pathfinder was an American robotic spacecraft launched on December 4, 1996, that landed a base station with a lightweight rover on Mars's Ares Vallis on July 4, 1997.
The mission utilized an innovative direct atmospheric entry with parachutes and a cluster of 24 giant airbags to cushion touchdown."
Q23,Multi_Hop,Which two space telescopes are positioned at the Sun-Earth L1 and L2 Lagrange points respectively?,"Aditya-L1 is at the Sun-Earth L1 Lagrange point, and James Webb Space Telescope (JWST) is at the Sun-Earth L2 Lagrange point.",True,"aditya_l1_solar_observatory, james_webb_space_telescope",Hubble is at L1 and JWST is at L2.,Correct,1.0,0.5,0,0.5714,0.1,"Aditya-L1 is at the Sun-Earth L1 Lagrange point, and JWST is at the Sun-Earth L2 Lagrange point.",Correct,1.0,1.0,0,0.8824,3,0.633,30.59,"[1] (aditya_l1_solar_observatory.txt)
2024, Aditya-L1 successfully entered a halo orbit around the Sun-Earth L1 Lagrange point.
The observatory carries seven scientific payloads: four for remote sensing of the Sun (including the Visible Emission Line Coronagraph - VELC and Solar Ultraviolet Imaging Telescope - SUIT) and three for in-situ observations of solar wind particles and magnetic fields (including ASPEX, PAPA, and MAG). The mission studies coronal heating, coronal mass ejections (CMEs), and space weather dynamics.

[2] (aditya_l1_solar_observatory.txt)
# Aditya-L1 Solar Mission
Aditya-L1 is India's first dedicated solar observatory spacecraft, developed by ISRO. Launched on September 2, 2023, aboard a PSLV-C57 rocket from Satish Dhawan Space Centre, the spacecraft traveled 1.5 million kilometers over 126 days.
On January 6, 2024, Aditya-L1 successfully entered a halo orbit around the Sun-Earth L1 Lagrange point.

[3] (james_webb_space_telescope.txt)
# James Webb Space Telescope (JWST)
The James Webb Space Telescope is a space telescope designed primarily to conduct infrared astronomy. High-resolution and high-sensitivity instruments allow it to view objects too old, distant, or faint for the Hubble Space Telescope.
JWST was launched on December 25, 2021, on an Ariane 5 rocket from Kourou, French Guiana, and arrived at the Sun-Earth L2 Lagrange point in January 2022, approximately 1.5 million kilometers (930,000 miles) from Earth.",supported,1,0,100.0,"Aditya-L1 is at the Sun-Earth L1 Lagrange point, and JWST is at the Sun-Earth L2 Lagrange point.",Correct,1.0,1.0,0,0.8824,5,0.633,23.59,"[1] (aditya_l1_solar_observatory.txt)
2024, Aditya-L1 successfully entered a halo orbit around the Sun-Earth L1 Lagrange point.
The observatory carries seven scientific payloads: four for remote sensing of the Sun (including the Visible Emission Line Coronagraph - VELC and Solar Ultraviolet Imaging Telescope - SUIT) and three for in-situ observations of solar wind particles and magnetic fields (including ASPEX, PAPA, and MAG). The mission studies coronal heating, coronal mass ejections (CMEs), and space weather dynamics.

[2] (aditya_l1_solar_observatory.txt)
# Aditya-L1 Solar Mission
Aditya-L1 is India's first dedicated solar observatory spacecraft, developed by ISRO. Launched on September 2, 2023, aboard a PSLV-C57 rocket from Satish Dhawan Space Centre, the spacecraft traveled 1.5 million kilometers over 126 days.
On January 6, 2024, Aditya-L1 successfully entered a halo orbit around the Sun-Earth L1 Lagrange point.

[3] (james_webb_space_telescope.txt)
# James Webb Space Telescope (JWST)
The James Webb Space Telescope is a space telescope designed primarily to conduct infrared astronomy. High-resolution and high-sensitivity instruments allow it to view objects too old, distant, or faint for the Hubble Space Telescope.
JWST was launched on December 25, 2021, on an Ariane 5 rocket from Kourou, French Guiana, and arrived at the Sun-Earth L2 Lagrange point in January 2022, approximately 1.5 million kilometers (930,000 miles) from Earth.

[4] (lucy_trojan_asteroids.txt)
# Lucy Mission to the Trojan Asteroids
Lucy is a NASA space probe launched on October 16, 2021, aboard an Atlas V rocket. It is the first space mission designed to explore the Jupiter Trojan asteroids—swarms of primitive planetesimals trapped in Jupiter's L4 and L5 Lagrange points.
Lucy's 12-year primary mission includes flybys of two main-belt asteroids (Dinkinesh in November 2023 and Donaldjohanson in April 2025) and eight Trojan asteroids (Eurybates, Polymele, Leucus, Orus, Patroclus, and Menoetius, plus discovered satellites).

[5] (hubble_space_telescope.txt)
# Hubble Space Telescope (HST)
The Hubble Space Telescope was launched into low Earth orbit on April 24, 1990, aboard Space Shuttle Discovery (STS-31) and remains in operation. Hubble's orbit outside the distortion of Earth's atmosphere allows it to capture extremely high-resolution images with substantially lower background light than ground-based telescopes.","Aditya-L1 is at the Sun-Earth L1 Lagrange point, and JWST is at the Sun-Earth L2 Lagrange point.",Correct,1.0,1.0,0,0.8824,3,0.633,19.86,"[1] (aditya_l1_solar_observatory.txt)
2024, Aditya-L1 successfully entered a halo orbit around the Sun-Earth L1 Lagrange point.
The observatory carries seven scientific payloads: four for remote sensing of the Sun (including the Visible Emission Line Coronagraph - VELC and Solar Ultraviolet Imaging Telescope - SUIT) and three for in-situ observations of solar wind particles and magnetic fields (including ASPEX, PAPA, and MAG). The mission studies coronal heating, coronal mass ejections (CMEs), and space weather dynamics.

[2] (aditya_l1_solar_observatory.txt)
# Aditya-L1 Solar Mission
Aditya-L1 is India's first dedicated solar observatory spacecraft, developed by ISRO. Launched on September 2, 2023, aboard a PSLV-C57 rocket from Satish Dhawan Space Centre, the spacecraft traveled 1.5 million kilometers over 126 days.
On January 6, 2024, Aditya-L1 successfully entered a halo orbit around the Sun-Earth L1 Lagrange point.

[3] (james_webb_space_telescope.txt)
# James Webb Space Telescope (JWST)
The James Webb Space Telescope is a space telescope designed primarily to conduct infrared astronomy. High-resolution and high-sensitivity instruments allow it to view objects too old, distant, or faint for the Hubble Space Telescope.
JWST was launched on December 25, 2021, on an Ariane 5 rocket from Kourou, French Guiana, and arrived at the Sun-Earth L2 Lagrange point in January 2022, approximately 1.5 million kilometers (930,000 miles) from Earth."
Q24,Multi_Hop,Compare the landing sites and operational lifespans of the Spirit and Opportunity rovers on Mars.,"Spirit landed in Gusev Crater and operated for 6 years; Opportunity landed in Meridiani Planum and operated for over 14 years, driving 45.16 km.",True,spirit_and_opportunity_rovers,Spirit and Opportunity both landed in Gale Crater and operated for 90 days.,Partially Correct,0.5,0.5,1,0.4865,0.09,"Spirit landed in Gusev Crater (operated 6 years); Opportunity landed in Meridiani Planum (operated over 14 years, driving 45.16 km).",Correct,1.0,1.0,0,0.9091,3,0.6764,19.64,"[1] (spirit_and_opportunity_rovers.txt)
r design lifespans. Spirit operated for 6 years until getting stuck in soft sand in 2010.
Opportunity operated for over 14 years until a catastrophic global dust storm cut off its solar power in June 2018. Opportunity drove a total distance of 45.16 km (28.06 miles), setting the record for the longest distance driven by any off-Earth vehicle. Opportunity discovered hematite spherules ('blueberries'), proving that acidic liquid water once soaked the Martian surface.

[2] (spirit_and_opportunity_rovers.txt)
# Mars Exploration Rovers: Spirit and Opportunity
The Mars Exploration Rover (MER) mission was a twin robotic rover program launched by NASA in June and July 2003. Spirit (MER-A) landed in Gusev Crater on January 4, 2004, and Opportunity (MER-B) landed in Meridiani Planum on January 25, 2004.
Both rovers were designed for a 90-sol primary mission but vastly exceeded their design lifespans. Spirit operated for 6 years until getting stuck in soft sand in 2010.

[3] (curiosity_rover_mars.txt)
# Mars Science Laboratory (Curiosity Rover)
The Curiosity rover, part of NASA's Mars Science Laboratory (MSL) mission, landed in Gale Crater on Mars on August 6, 2012. The rover's primary mission was to investigate the Martian climate and geology, and to assess whether the Gale Crater area ever had an environment capable of supporting microbial life.",uncertain,0,0,100.0,"Spirit landed in Gusev Crater (operated 6 years); Opportunity landed in Meridiani Planum (operated over 14 years, driving 45.16 km).",Correct,1.0,1.0,0,0.9091,5,0.6764,23.26,"[1] (spirit_and_opportunity_rovers.txt)
r design lifespans. Spirit operated for 6 years until getting stuck in soft sand in 2010.
Opportunity operated for over 14 years until a catastrophic global dust storm cut off its solar power in June 2018. Opportunity drove a total distance of 45.16 km (28.06 miles), setting the record for the longest distance driven by any off-Earth vehicle. Opportunity discovered hematite spherules ('blueberries'), proving that acidic liquid water once soaked the Martian surface.

[2] (spirit_and_opportunity_rovers.txt)
# Mars Exploration Rovers: Spirit and Opportunity
The Mars Exploration Rover (MER) mission was a twin robotic rover program launched by NASA in June and July 2003. Spirit (MER-A) landed in Gusev Crater on January 4, 2004, and Opportunity (MER-B) landed in Meridiani Planum on January 25, 2004.
Both rovers were designed for a 90-sol primary mission but vastly exceeded their design lifespans. Spirit operated for 6 years until getting stuck in soft sand in 2010.

[3] (curiosity_rover_mars.txt)
# Mars Science Laboratory (Curiosity Rover)
The Curiosity rover, part of NASA's Mars Science Laboratory (MSL) mission, landed in Gale Crater on Mars on August 6, 2012. The rover's primary mission was to investigate the Martian climate and geology, and to assess whether the Gale Crater area ever had an environment capable of supporting microbial life.

[4] (perseverance_rover_mars.txt)
# Mars 2020 Perseverance Rover
Perseverance is a car-sized Mars rover designed to explore Jezero crater on Mars as part of NASA's Mars 2020 mission. It was manufactured by the Jet Propulsion Laboratory and launched on July 30, 2020. Perseverance landed successfully on Mars on February 18, 2021.
The rover carries seven primary scientific instruments, including SuperCam, PIXL, SHERLOC, and the MOXIE experiment, which demonstrated the production of breathable oxygen from Martian carbon dioxide on April 20, 2021.

[5] (ingenuity_mars_helicopter.txt)
# Ingenuity Mars Helicopter
Ingenuity was a coaxial robotic helicopter that operated on Mars between February 2021 and January 2024. Delivered to Mars attached to the belly of the Perseverance rover, Ingenuity demonstrated the first powered, controlled aerodynamic flight on another planet.","Spirit landed in Gusev Crater (operated 6 years); Opportunity landed in Meridiani Planum (operated over 14 years, driving 45.16 km).",Correct,1.0,1.0,0,0.9091,3,0.6764,18.56,"[1] (spirit_and_opportunity_rovers.txt)
r design lifespans. Spirit operated for 6 years until getting stuck in soft sand in 2010.
Opportunity operated for over 14 years until a catastrophic global dust storm cut off its solar power in June 2018. Opportunity drove a total distance of 45.16 km (28.06 miles), setting the record for the longest distance driven by any off-Earth vehicle. Opportunity discovered hematite spherules ('blueberries'), proving that acidic liquid water once soaked the Martian surface.

[2] (spirit_and_opportunity_rovers.txt)
# Mars Exploration Rovers: Spirit and Opportunity
The Mars Exploration Rover (MER) mission was a twin robotic rover program launched by NASA in June and July 2003. Spirit (MER-A) landed in Gusev Crater on January 4, 2004, and Opportunity (MER-B) landed in Meridiani Planum on January 25, 2004.
Both rovers were designed for a 90-sol primary mission but vastly exceeded their design lifespans. Spirit operated for 6 years until getting stuck in soft sand in 2010.

[3] (curiosity_rover_mars.txt)
# Mars Science Laboratory (Curiosity Rover)
The Curiosity rover, part of NASA's Mars Science Laboratory (MSL) mission, landed in Gale Crater on Mars on August 6, 2012. The rover's primary mission was to investigate the Martian climate and geology, and to assess whether the Gale Crater area ever had an environment capable of supporting microbial life."
Q25,Multi_Hop,Which space missions confirmed water ice on the Moon and Mercury respectively?,"Chandrayaan-1 confirmed water ice on the Moon via its Moon Mineralogy Mapper, and MESSENGER confirmed water ice in permanently shadowed polar craters on Mercury.",True,"chandrayaan_1_mission, messenger_mercury_mission",Apollo 11 found ice on the Moon and Mariner 10 found ice on Mercury.,Partially Correct,0.5,0.5,1,0.3889,0.17,"Chandrayaan-1 confirmed water ice on the Moon, and MESSENGER confirmed water ice in permanently shadowed polar craters on Mercury.",Correct,1.0,1.0,0,0.878,3,0.6373,19.94,"[1] (messenger_mercury_mission.txt)
# MESSENGER Mission to Mercury
MESSENGER (MErcury Surface, Space ENvironment, GEochemistry, and Ranging) was a NASA robotic spacecraft launched on August 3, 2004. On March 18, 2011, it became the first spacecraft to orbit Mercury.
During its four-year orbital mission, MESSENGER mapped 100% of Mercury's surface. Among its key scientific achievements, MESSENGER confirmed the presence of abundant water ice and organic compounds trapped in permanently shadowed craters at Mercury's poles.

[2] (chandrayaan_1_mission.txt)
scientific instruments: five Indian and six from foreign agencies including NASA and ESA.
On November 14, 2008, the Moon Impact Probe (MIP) separated from the orbiter and struck the lunar south pole near Shackleton Crater. Data from the Moon Mineralogy Mapper (M3), a NASA-supplied imaging spectrometer on Chandrayaan-1, led to the historic confirmation of widespread water ice and hydroxyl molecules on the lunar surface.

[3] (messenger_mercury_mission.txt)
ter ice and organic compounds trapped in permanently shadowed craters at Mercury's poles.
It also discovered that Mercury possesses an unusually large metallic iron core (comprising 85% of the planet's radius) and surface volcanic plains that flooded vast regions. On April 30, 2015, MESSENGER ran out of propellant and was deorbited into Mercury's surface at 14,000 km/h.",uncertain,0,0,100.0,"Chandrayaan-1 confirmed water ice on the Moon, and MESSENGER confirmed water ice in permanently shadowed polar craters on Mercury.",Correct,1.0,1.0,0,0.878,5,0.6373,22.11,"[1] (messenger_mercury_mission.txt)
# MESSENGER Mission to Mercury
MESSENGER (MErcury Surface, Space ENvironment, GEochemistry, and Ranging) was a NASA robotic spacecraft launched on August 3, 2004. On March 18, 2011, it became the first spacecraft to orbit Mercury.
During its four-year orbital mission, MESSENGER mapped 100% of Mercury's surface. Among its key scientific achievements, MESSENGER confirmed the presence of abundant water ice and organic compounds trapped in permanently shadowed craters at Mercury's poles.

[2] (chandrayaan_1_mission.txt)
scientific instruments: five Indian and six from foreign agencies including NASA and ESA.
On November 14, 2008, the Moon Impact Probe (MIP) separated from the orbiter and struck the lunar south pole near Shackleton Crater. Data from the Moon Mineralogy Mapper (M3), a NASA-supplied imaging spectrometer on Chandrayaan-1, led to the historic confirmation of widespread water ice and hydroxyl molecules on the lunar surface.

[3] (messenger_mercury_mission.txt)
ter ice and organic compounds trapped in permanently shadowed craters at Mercury's poles.
It also discovered that Mercury possesses an unusually large metallic iron core (comprising 85% of the planet's radius) and surface volcanic plains that flooded vast regions. On April 30, 2015, MESSENGER ran out of propellant and was deorbited into Mercury's surface at 14,000 km/h.

[4] (bepicolombo_mercury.txt)
# BepiColombo Joint Mercury Mission
BepiColombo is a joint mission between the European Space Agency (ESA) and the Japan Aerospace Exploration Agency (JAXA) to explore the planet Mercury. Launched on October 20, 2018, aboard an Ariane 5 rocket, it is the third mission to visit Mercury (after Mariner 10 and MESSENGER).
The spacecraft carries two independent orbiters stacked together: ESA's Mercury Planetary Orbiter (MPO) and JAXA's Mercury Magnetospheric Orbiter (Mio).

[5] (bepicolombo_mercury.txt)
r: ESA's Mercury Planetary Orbiter (MPO) and JAXA's Mercury Magnetospheric Orbiter (Mio).
To brake into Mercury's steep gravitational well, BepiColombo utilizes a solar electric propulsion module and performs nine planetary gravity assists (one Earth, two Venus, and six Mercury flybys) before entering dual Mercury orbit in late 2025/early 2026.","Chandrayaan-1 confirmed water ice on the Moon, and MESSENGER confirmed water ice in permanently shadowed polar craters on Mercury.",Correct,1.0,1.0,0,0.878,3,0.6373,21.9,"[1] (messenger_mercury_mission.txt)
# MESSENGER Mission to Mercury
MESSENGER (MErcury Surface, Space ENvironment, GEochemistry, and Ranging) was a NASA robotic spacecraft launched on August 3, 2004. On March 18, 2011, it became the first spacecraft to orbit Mercury.
During its four-year orbital mission, MESSENGER mapped 100% of Mercury's surface. Among its key scientific achievements, MESSENGER confirmed the presence of abundant water ice and organic compounds trapped in permanently shadowed craters at Mercury's poles.

[2] (chandrayaan_1_mission.txt)
scientific instruments: five Indian and six from foreign agencies including NASA and ESA.
On November 14, 2008, the Moon Impact Probe (MIP) separated from the orbiter and struck the lunar south pole near Shackleton Crater. Data from the Moon Mineralogy Mapper (M3), a NASA-supplied imaging spectrometer on Chandrayaan-1, led to the historic confirmation of widespread water ice and hydroxyl molecules on the lunar surface.

[3] (messenger_mercury_mission.txt)
ter ice and organic compounds trapped in permanently shadowed craters at Mercury's poles.
It also discovered that Mercury possesses an unusually large metallic iron core (comprising 85% of the planet's radius) and surface volcanic plains that flooded vast regions. On April 30, 2015, MESSENGER ran out of propellant and was deorbited into Mercury's surface at 14,000 km/h."
Q26,Multi_Hop,How did the atmospheric entry strategies and outcomes differ between Galileo at Jupiter and Venera 7 at Venus?,"Galileo released a probe that descended 150 km into Jupiter's gaseous atmosphere before being crushed/melted, whereas Venera 7 successfully soft-landed on Venus's solid surface and transmitted data for 23 minutes.",True,"galileo_jupiter_mission, venera_program_venus",Galileo landed safely on Jupiter while Venera exploded in Venus orbit.,Incorrect,0.0,0.0,1,0.15,0.1,"Galileo released an atmospheric probe that descended 150 km into Jupiter before melting, while Venera 7 soft-landed on Venus and transmitted telemetry for 45 minutes.",Correct,1.0,1.0,0,0.6415,3,0.5741,18.56,"[1] (galileo_jupiter_mission.txt)
# Galileo Spacecraft Mission to Jupiter
Galileo was an American robotic space probe launched on October 18, 1989, aboard Space Shuttle Atlantis (STS-34). It arrived at Jupiter on December 7, 1995, becoming the first spacecraft to orbit the gas giant.
Galileo released an atmospheric entry probe that descended 150 km into Jupiter's atmosphere, measuring extreme winds of 600 km/h and intense lightning.

[2] (venera_program_venus.txt)
# Soviet Venera Program (Venus Exploration)
The Venera series of space probes was developed by the Soviet Union between 1961 and 1984 to gather data from Venus. The program achieved several monumental space milestones.
On December 15, 1970, Venera 7 became the first spacecraft to make a successful soft landing on another planet and transmit telemetry data back to Earth, measuring a surface temperature of 475 degrees Celsius and a pressure of 90 atmospheres.

[3] (galileo_jupiter_mission.txt)
km into Jupiter's atmosphere, measuring extreme winds of 600 km/h and intense lightning.
During its eight-year orbital mission, Galileo provided evidence of a subsurface liquid water ocean on Europa, detected a magnetic field generated by Ganymede (the only moon known to have one), and observed volcanic eruptions on Io. The mission was deliberately ended on September 21, 2003, by plunging Galileo into Jupiter's dense atmosphere to protect Europa from potential terrestrial microbes.",unsupported,0,1,0.0,"Galileo released an atmospheric probe that descended 150 km into Jupiter before melting, while Venera 7 soft-landed on Venus and transmitted telemetry for 45 minutes.",Correct,1.0,1.0,0,0.6415,5,0.5741,22.66,"[1] (galileo_jupiter_mission.txt)
# Galileo Spacecraft Mission to Jupiter
Galileo was an American robotic space probe launched on October 18, 1989, aboard Space Shuttle Atlantis (STS-34). It arrived at Jupiter on December 7, 1995, becoming the first spacecraft to orbit the gas giant.
Galileo released an atmospheric entry probe that descended 150 km into Jupiter's atmosphere, measuring extreme winds of 600 km/h and intense lightning.

[2] (venera_program_venus.txt)
# Soviet Venera Program (Venus Exploration)
The Venera series of space probes was developed by the Soviet Union between 1961 and 1984 to gather data from Venus. The program achieved several monumental space milestones.
On December 15, 1970, Venera 7 became the first spacecraft to make a successful soft landing on another planet and transmit telemetry data back to Earth, measuring a surface temperature of 475 degrees Celsius and a pressure of 90 atmospheres.

[3] (galileo_jupiter_mission.txt)
km into Jupiter's atmosphere, measuring extreme winds of 600 km/h and intense lightning.
During its eight-year orbital mission, Galileo provided evidence of a subsurface liquid water ocean on Europa, detected a magnetic field generated by Ganymede (the only moon known to have one), and observed volcanic eruptions on Io. The mission was deliberately ended on September 21, 2003, by plunging Galileo into Jupiter's dense atmosphere to protect Europa from potential terrestrial microbes.

[4] (venera_program_venus.txt)
measuring a surface temperature of 475 degrees Celsius and a pressure of 90 atmospheres.
On October 22, 1975, Venera 9 landed and transmitted the first black-and-white panoramic photograph of the surface of another planet. Venera 13, which landed on March 1, 1982, transmitted the first color panoramic images of Venus's rocky terrain and recorded ambient acoustic sounds.

[5] (juno_mission_jupiter.txt)
measure its gravitational and magnetic fields, and investigate its massive magnetosphere.
Juno is the first mission to Jupiter powered entirely by solar panels rather than RTGs, utilizing three enormous 9-meter solar arrays. Juno discovered that Jupiter possesses a dilute, 'fuzzy' core rather than a dense, solid rocky core, and that its atmospheric jet streams extend thousands of kilometers deep into the planet.","Galileo released an atmospheric probe that descended 150 km into Jupiter before melting, while Venera 7 soft-landed on Venus and transmitted telemetry for 45 minutes.",Correct,1.0,1.0,0,0.6415,3,0.5741,18.87,"[1] (galileo_jupiter_mission.txt)
# Galileo Spacecraft Mission to Jupiter
Galileo was an American robotic space probe launched on October 18, 1989, aboard Space Shuttle Atlantis (STS-34). It arrived at Jupiter on December 7, 1995, becoming the first spacecraft to orbit the gas giant.
Galileo released an atmospheric entry probe that descended 150 km into Jupiter's atmosphere, measuring extreme winds of 600 km/h and intense lightning.

[2] (venera_program_venus.txt)
# Soviet Venera Program (Venus Exploration)
The Venera series of space probes was developed by the Soviet Union between 1961 and 1984 to gather data from Venus. The program achieved several monumental space milestones.
On December 15, 1970, Venera 7 became the first spacecraft to make a successful soft landing on another planet and transmit telemetry data back to Earth, measuring a surface temperature of 475 degrees Celsius and a pressure of 90 atmospheres.

[3] (galileo_jupiter_mission.txt)
km into Jupiter's atmosphere, measuring extreme winds of 600 km/h and intense lightning.
During its eight-year orbital mission, Galileo provided evidence of a subsurface liquid water ocean on Europa, detected a magnetic field generated by Ganymede (the only moon known to have one), and observed volcanic eruptions on Io. The mission was deliberately ended on September 21, 2003, by plunging Galileo into Jupiter's dense atmosphere to protect Europa from potential terrestrial microbes."
Q27,Multi_Hop,What were the primary organic or prebiotic discoveries made by Rosetta on comet 67P and Hayabusa2 on asteroid Ryugu?,"Rosetta discovered the amino acid glycine and molecular oxygen, while Hayabusa2 discovered uracil (RNA nucleobase), vitamin B3, and 20 amino acids.",True,"rosetta_philae_mission, hayabusa2_ryugu",Rosetta found liquid water and Hayabusa2 found fossilized bacteria.,Incorrect,0.0,0.0,1,0.2069,0.11,"Rosetta discovered glycine and molecular oxygen on comet 67P, while Hayabusa2 discovered uracil (RNA nucleobase), vitamin B3, and 20 amino acids on Ryugu.",Correct,1.0,1.0,0,0.8372,3,0.6685,20.76,"[1] (hayabusa2_ryugu.txt)
euvers, including one using a kinetic tantalum projectile to expose sub-surface material.
On December 5, 2020, Hayabusa2 returned a capsule containing 5.4 grams of Ryugu samples to Woomera, Australia. Laboratory examination revealed uracil (one of the four nucleobases in RNA), vitamin B3 (niacin), and 20 different amino acids, supporting the hypothesis that prebiotic compounds were delivered to early Earth via carbonaceous asteroids.

[2] (rosetta_philae_mission.txt)
# Rosetta and Philae Comet 67P Mission
Rosetta was an ESA space probe launched on March 2, 2004, to rendezvous with and orbit comet 67P/Churyumov-Gerasimenko. After a 10-year cruise through the Solar System, Rosetta entered orbit around comet 67P in August 2014.
On November 12, 2014, Rosetta deployed the Philae lander, which achieved the first soft touchdown on a comet nucleus. Philae's anchoring harpoons failed to fire, causing it to bounce twice before coming to rest in the shadow of a cliff on the comet.

[3] (rosetta_philae_mission.txt)
, causing it to bounce twice before coming to rest in the shadow of a cliff on the comet.
Rosetta analyzed the comet's coma using the ROSINA mass spectrometer, discovering molecular oxygen (O2), noble gases, and the amino acid glycine. The mission concluded on September 30, 2016, with a controlled descent onto the comet's surface.",unsupported,0,1,0.0,"Rosetta discovered glycine and molecular oxygen on comet 67P, while Hayabusa2 discovered uracil (RNA nucleobase), vitamin B3, and 20 amino acids on Ryugu.",Correct,1.0,1.0,0,0.8372,5,0.6685,20.15,"[1] (hayabusa2_ryugu.txt)
euvers, including one using a kinetic tantalum projectile to expose sub-surface material.
On December 5, 2020, Hayabusa2 returned a capsule containing 5.4 grams of Ryugu samples to Woomera, Australia. Laboratory examination revealed uracil (one of the four nucleobases in RNA), vitamin B3 (niacin), and 20 different amino acids, supporting the hypothesis that prebiotic compounds were delivered to early Earth via carbonaceous asteroids.

[2] (rosetta_philae_mission.txt)
# Rosetta and Philae Comet 67P Mission
Rosetta was an ESA space probe launched on March 2, 2004, to rendezvous with and orbit comet 67P/Churyumov-Gerasimenko. After a 10-year cruise through the Solar System, Rosetta entered orbit around comet 67P in August 2014.
On November 12, 2014, Rosetta deployed the Philae lander, which achieved the first soft touchdown on a comet nucleus. Philae's anchoring harpoons failed to fire, causing it to bounce twice before coming to rest in the shadow of a cliff on the comet.

[3] (rosetta_philae_mission.txt)
, causing it to bounce twice before coming to rest in the shadow of a cliff on the comet.
Rosetta analyzed the comet's coma using the ROSINA mass spectrometer, discovering molecular oxygen (O2), noble gases, and the amino acid glycine. The mission concluded on September 30, 2016, with a controlled descent onto the comet's surface.

[4] (hayabusa2_ryugu.txt)
# JAXA Hayabusa2 Asteroid Mission
Hayabusa2 was an asteroid sample-return mission operated by the Japanese space agency JAXA. Launched on December 3, 2014, aboard an H-IIA rocket, the spacecraft rendezvoused with near-Earth asteroid 162173 Ryugu in June 2018.
Hayabusa2 deployed multiple rovers (MINERVA-II1A, MINERVA-II1B, and MASCOT) and executed two touchdown sampling maneuvers, including one using a kinetic tantalum projectile to expose sub-surface material.

[5] (lucy_trojan_asteroids.txt)
Eurybates, Polymele, Leucus, Orus, Patroclus, and Menoetius, plus discovered satellites).
During its flyby of asteroid Dinkinesh on November 1, 2023, Lucy discovered that Dinkinesh's moonlet Selam is a contact binary asteroid. Lucy is powered by two circular solar arrays measuring 7.3 meters in diameter each.","Rosetta discovered glycine and molecular oxygen on comet 67P, while Hayabusa2 discovered uracil (RNA nucleobase), vitamin B3, and 20 amino acids on Ryugu.",Correct,1.0,1.0,0,0.8372,3,0.6685,17.95,"[1] (hayabusa2_ryugu.txt)
euvers, including one using a kinetic tantalum projectile to expose sub-surface material.
On December 5, 2020, Hayabusa2 returned a capsule containing 5.4 grams of Ryugu samples to Woomera, Australia. Laboratory examination revealed uracil (one of the four nucleobases in RNA), vitamin B3 (niacin), and 20 different amino acids, supporting the hypothesis that prebiotic compounds were delivered to early Earth via carbonaceous asteroids.

[2] (rosetta_philae_mission.txt)
# Rosetta and Philae Comet 67P Mission
Rosetta was an ESA space probe launched on March 2, 2004, to rendezvous with and orbit comet 67P/Churyumov-Gerasimenko. After a 10-year cruise through the Solar System, Rosetta entered orbit around comet 67P in August 2014.
On November 12, 2014, Rosetta deployed the Philae lander, which achieved the first soft touchdown on a comet nucleus. Philae's anchoring harpoons failed to fire, causing it to bounce twice before coming to rest in the shadow of a cliff on the comet.

[3] (rosetta_philae_mission.txt)
, causing it to bounce twice before coming to rest in the shadow of a cliff on the comet.
Rosetta analyzed the comet's coma using the ROSINA mass spectrometer, discovering molecular oxygen (O2), noble gases, and the amino acid glycine. The mission concluded on September 30, 2016, with a controlled descent onto the comet's surface."
Q28,Multi_Hop,What are the distinct scientific roles of the ChemCam instrument on Curiosity and the MOXIE experiment on Perseverance?,"ChemCam uses a laser spectrometer to analyze rock and soil elemental composition, whereas MOXIE is an in-situ resource experiment that generates oxygen from carbon dioxide.",True,"curiosity_rover_mars, moxie_oxygen_generator",Both ChemCam and MOXIE are optical camera systems.,Incorrect,0.0,0.0,1,0.1935,0.1,I do not have enough information in the provided context to answer this question.,Incorrect,0.0,1.0,0,0.0556,3,0.5212,20.79,"[1] (moxie_oxygen_generator.txt)
# MOXIE: Mars Oxygen In-Situ Resource Utilization Experiment
MOXIE is a technology demonstration experiment on NASA's Perseverance rover that successfully proved the capability of extracting breathable oxygen from Mars's carbon dioxide-rich atmosphere.

[2] (curiosity_rover_mars.txt)
.
Curiosity weighs 899 kg (1,982 lb) and is powered by a Multi-Mission Radioisotope Thermoelectric Generator (MMRTG) using plutonium-238 dioxide. Key instruments include the ChemCam laser spectrometer, the Sample Analysis at Mars (SAM) instrument suite, the Mastcam stereo cameras, and the Alpha Particle X-Ray Spectrometer (APXS). In 2013, Curiosity discovered evidence of an ancient freshwater lake inside Gale Crater that contained all the basic chemical ingredients essential for life (carbon, hydrogen, oxygen, nitrogen, phosphorus, and sulfur).

[3] (perseverance_rover_mars.txt)
# Mars 2020 Perseverance Rover
Perseverance is a car-sized Mars rover designed to explore Jezero crater on Mars as part of NASA's Mars 2020 mission. It was manufactured by the Jet Propulsion Laboratory and launched on July 30, 2020. Perseverance landed successfully on Mars on February 18, 2021.
The rover carries seven primary scientific instruments, including SuperCam, PIXL, SHERLOC, and the MOXIE experiment, which demonstrated the production of breathable oxygen from Martian carbon dioxide on April 20, 2021.",abstained,0,0,0.0,I do not have enough information in the provided context to answer this question.,Incorrect,0.0,1.0,0,0.0556,5,0.5212,16.32,"[1] (moxie_oxygen_generator.txt)
# MOXIE: Mars Oxygen In-Situ Resource Utilization Experiment
MOXIE is a technology demonstration experiment on NASA's Perseverance rover that successfully proved the capability of extracting breathable oxygen from Mars's carbon dioxide-rich atmosphere.

[2] (curiosity_rover_mars.txt)
.
Curiosity weighs 899 kg (1,982 lb) and is powered by a Multi-Mission Radioisotope Thermoelectric Generator (MMRTG) using plutonium-238 dioxide. Key instruments include the ChemCam laser spectrometer, the Sample Analysis at Mars (SAM) instrument suite, the Mastcam stereo cameras, and the Alpha Particle X-Ray Spectrometer (APXS). In 2013, Curiosity discovered evidence of an ancient freshwater lake inside Gale Crater that contained all the basic chemical ingredients essential for life (carbon, hydrogen, oxygen, nitrogen, phosphorus, and sulfur).

[3] (perseverance_rover_mars.txt)
# Mars 2020 Perseverance Rover
Perseverance is a car-sized Mars rover designed to explore Jezero crater on Mars as part of NASA's Mars 2020 mission. It was manufactured by the Jet Propulsion Laboratory and launched on July 30, 2020. Perseverance landed successfully on Mars on February 18, 2021.
The rover carries seven primary scientific instruments, including SuperCam, PIXL, SHERLOC, and the MOXIE experiment, which demonstrated the production of breathable oxygen from Martian carbon dioxide on April 20, 2021.

[4] (curiosity_sam_instrument.txt)
# Sample Analysis at Mars (SAM) Instrument
The Sample Analysis at Mars (SAM) instrument suite is the heaviest and most sophisticated laboratory payload on NASA's Curiosity rover, occupying roughly half of the rover's main body.
SAM comprises three analytical instruments: a Quadrupole Mass Spectrometer (QMS), a Gas Chromatograph (GC), and a Tunable Laser Spectrometer (TLS).

[5] (exomars_trace_gas_orbiter.txt)
ar focus on methane (CH4), which could signify active biological or geological processes.
Its primary instruments include the NOMAD and ACS spectrometers, which can detect gases down to parts-per-trillion levels, and the FREND neutron detector, which maps subsurface hydrogen (water ice). TGO also acts as a vital communications relay for surface landers and rovers including Perseverance and Curiosity.",Both ChemCam and MOXIE are optical camera systems.,Incorrect,0.0,0.0,1,0.1935,3,0.5212,20.43,"[1] (moxie_oxygen_generator.txt)
# MOXIE: Mars Oxygen In-Situ Resource Utilization Experiment
MOXIE is a technology demonstration experiment on NASA's Perseverance rover that successfully proved the capability of extracting breathable oxygen from Mars's carbon dioxide-rich atmosphere.

[2] (curiosity_rover_mars.txt)
.
Curiosity weighs 899 kg (1,982 lb) and is powered by a Multi-Mission Radioisotope Thermoelectric Generator (MMRTG) using plutonium-238 dioxide. Key instruments include the ChemCam laser spectrometer, the Sample Analysis at Mars (SAM) instrument suite, the Mastcam stereo cameras, and the Alpha Particle X-Ray Spectrometer (APXS). In 2013, Curiosity discovered evidence of an ancient freshwater lake inside Gale Crater that contained all the basic chemical ingredients essential for life (carbon, hydrogen, oxygen, nitrogen, phosphorus, and sulfur).

[3] (perseverance_rover_mars.txt)
# Mars 2020 Perseverance Rover
Perseverance is a car-sized Mars rover designed to explore Jezero crater on Mars as part of NASA's Mars 2020 mission. It was manufactured by the Jet Propulsion Laboratory and launched on July 30, 2020. Perseverance landed successfully on Mars on February 18, 2021.
The rover carries seven primary scientific instruments, including SuperCam, PIXL, SHERLOC, and the MOXIE experiment, which demonstrated the production of breathable oxygen from Martian carbon dioxide on April 20, 2021."
Q29,Multi_Hop,Compare the distances traveled beyond the heliopause by Voyager 1 and Voyager 2 at their respective crossing dates.,"Voyager 1 crossed at 121.6 AU in August 2012, while Voyager 2 crossed at 119.7 AU in November 2018.",True,"voyager_1_probe, voyager_2_probe, voyager_interstellar_findings",Both probes crossed the heliopause simultaneously at 100 AU in 2015.,Partially Correct,0.5,0.0,1,0.2759,0.22,Voyager 1 and Voyager 2 crossed the heliopause at approximately 130 AU and 125 AU respectively beyond the solar wind.,Partially Correct,0.5,1.0,1,0.4324,3,0.6683,20.18,"[1] (voyager_interstellar_findings.txt)
ic cosmic rays on August 25, 2012, marking its passage across the heliopause at 121.6 AU.
Voyager 2 crossed the heliopause at 119.7 AU on November 5, 2018. Unlike Voyager 1, Voyager 2's working Plasma Science (PLS) instrument allowed direct measurement of the speed, density, and temperature of interstellar plasma, showing that the interstellar medium is hotter and more dynamic than anticipated. Both spacecraft continue to transmit telemetry from beyond the solar wind.

[2] (voyager_interstellar_findings.txt)
# Voyager Interstellar Boundary Discoveries
Data from Voyager 1 and Voyager 2 provided the first in-situ measurements of the outer boundary of the heliosphere.
Voyager 1 detected a sharp drop in solar wind particles and a dramatic surge in galactic cosmic rays on August 25, 2012, marking its passage across the heliopause at 121.6 AU.

[3] (voyager_2_probe.txt)
ranus (closest approach January 24, 1986) and Neptune (closest approach August 25, 1989).
During its Uranus encounter, Voyager 2 discovered 10 new moons and two new rings. At Neptune, it discovered five moons, four rings, and Neptune's 'Great Dark Spot'. Voyager 2 crossed the heliopause into interstellar space on November 5, 2018, at a distance of 119.7 AU. Like its twin, it carries three radioisotope thermoelectric generators and the Voyager Golden Record.",uncertain,0,0,100.0,Voyager 1 and Voyager 2 crossed the heliopause at approximately 130 AU and 125 AU respectively beyond the solar wind.,Partially Correct,0.5,1.0,1,0.4324,5,0.6683,19.33,"[1] (voyager_interstellar_findings.txt)
ic cosmic rays on August 25, 2012, marking its passage across the heliopause at 121.6 AU.
Voyager 2 crossed the heliopause at 119.7 AU on November 5, 2018. Unlike Voyager 1, Voyager 2's working Plasma Science (PLS) instrument allowed direct measurement of the speed, density, and temperature of interstellar plasma, showing that the interstellar medium is hotter and more dynamic than anticipated. Both spacecraft continue to transmit telemetry from beyond the solar wind.

[2] (voyager_interstellar_findings.txt)
# Voyager Interstellar Boundary Discoveries
Data from Voyager 1 and Voyager 2 provided the first in-situ measurements of the outer boundary of the heliosphere.
Voyager 1 detected a sharp drop in solar wind particles and a dramatic surge in galactic cosmic rays on August 25, 2012, marking its passage across the heliopause at 121.6 AU.

[3] (voyager_2_probe.txt)
ranus (closest approach January 24, 1986) and Neptune (closest approach August 25, 1989).
During its Uranus encounter, Voyager 2 discovered 10 new moons and two new rings. At Neptune, it discovered five moons, four rings, and Neptune's 'Great Dark Spot'. Voyager 2 crossed the heliopause into interstellar space on November 5, 2018, at a distance of 119.7 AU. Like its twin, it carries three radioisotope thermoelectric generators and the Voyager Golden Record.

[4] (voyager_1_probe.txt)
# Voyager 1 Deep Space Mission
Voyager 1 is a space probe launched by NASA on September 5, 1977, as part of the Voyager program to study the outer Solar System and interstellar space. Launched 16 days after its twin, Voyager 2, Voyager 1 communicated through NASA's Deep Space Network to transmit scientific data.

[5] (voyager_2_probe.txt)
# Voyager 2 Grand Tour Mission
Voyager 2 is a space probe launched by NASA on August 20, 1977, to study the outer planets. It was launched before Voyager 1 on a trajectory that took longer to reach Jupiter and Saturn but enabled further encounters with Uranus and Neptune. Voyager 2 remains the only spacecraft to have visited either of the ice giant planets: Uranus (closest approach January 24, 1986) and Neptune (closest approach August 25, 1989).",Voyager 1 and Voyager 2 crossed the heliopause at approximately 130 AU and 125 AU respectively beyond the solar wind.,Partially Correct,0.5,1.0,1,0.4324,3,0.6683,19.74,"[1] (voyager_interstellar_findings.txt)
ic cosmic rays on August 25, 2012, marking its passage across the heliopause at 121.6 AU.
Voyager 2 crossed the heliopause at 119.7 AU on November 5, 2018. Unlike Voyager 1, Voyager 2's working Plasma Science (PLS) instrument allowed direct measurement of the speed, density, and temperature of interstellar plasma, showing that the interstellar medium is hotter and more dynamic than anticipated. Both spacecraft continue to transmit telemetry from beyond the solar wind.

[2] (voyager_interstellar_findings.txt)
# Voyager Interstellar Boundary Discoveries
Data from Voyager 1 and Voyager 2 provided the first in-situ measurements of the outer boundary of the heliosphere.
Voyager 1 detected a sharp drop in solar wind particles and a dramatic surge in galactic cosmic rays on August 25, 2012, marking its passage across the heliopause at 121.6 AU.

[3] (voyager_2_probe.txt)
ranus (closest approach January 24, 1986) and Neptune (closest approach August 25, 1989).
During its Uranus encounter, Voyager 2 discovered 10 new moons and two new rings. At Neptune, it discovered five moons, four rings, and Neptune's 'Great Dark Spot'. Voyager 2 crossed the heliopause into interstellar space on November 5, 2018, at a distance of 119.7 AU. Like its twin, it carries three radioisotope thermoelectric generators and the Voyager Golden Record."
Q30,Multi_Hop,List three robotic spacecraft that have successfully soft-landed rovers on Mars and their corresponding countries of origin.,"1. Mars Pathfinder (Sojourner) - USA, 2. Mars 2020 (Perseverance) - USA, 3. Tianwen-1 (Zhurong) - China.",True,"mars_pathfinder_sojourner, perseverance_rover_mars, tianwen_1_and_zhurong","1. Apollo 11 - USA, 2. Sputnik - USSR, 3. Chandrayaan - India.",Partially Correct,0.5,0.5,1,0.3333,0.17,"1. Mars Pathfinder (Sojourner) - USA, 2. Mars 2020 (Perseverance) - USA, 3. Tianwen-1 (Zhurong) - China.",Correct,1.0,0.75,0,1.0,3,0.5179,21.31,"[1] (mars_pathfinder_sojourner.txt)
# Mars Pathfinder and Sojourner Rover
Mars Pathfinder was an American robotic spacecraft launched on December 4, 1996, that landed a base station with a lightweight rover on Mars's Ares Vallis on July 4, 1997.
The mission utilized an innovative direct atmospheric entry with parachutes and a cluster of 24 giant airbags to cushion touchdown.

[2] (spirit_and_opportunity_rovers.txt)
# Mars Exploration Rovers: Spirit and Opportunity
The Mars Exploration Rover (MER) mission was a twin robotic rover program launched by NASA in June and July 2003. Spirit (MER-A) landed in Gusev Crater on January 4, 2004, and Opportunity (MER-B) landed in Meridiani Planum on January 25, 2004.
Both rovers were designed for a 90-sol primary mission but vastly exceeded their design lifespans. Spirit operated for 6 years until getting stuck in soft sand in 2010.

[3] (viking_1_and_2_mars.txt)
# Viking 1 and Viking 2 Missions
NASA's Viking project consisted of two identical spacecraft, Viking 1 and Viking 2, each composed of an orbiter and a lander. Launched in August and September 1975, they arrived at Mars in the summer of 1976.
On July 20, 1976, Viking 1 Lander touched down at Chryse Planitia, becoming the first American spacecraft to land safely on Mars and operate successfully. Viking 2 Lander touched down at Utopia Planitia on September 3, 1976.",unsupported,3,3,50.0,"1. Mars Pathfinder (Sojourner) - USA, 2. Mars 2020 (Perseverance) - USA, 3. Tianwen-1 (Zhurong) - China.",Correct,1.0,0.75,0,1.0,5,0.5179,18.95,"[1] (mars_pathfinder_sojourner.txt)
# Mars Pathfinder and Sojourner Rover
Mars Pathfinder was an American robotic spacecraft launched on December 4, 1996, that landed a base station with a lightweight rover on Mars's Ares Vallis on July 4, 1997.
The mission utilized an innovative direct atmospheric entry with parachutes and a cluster of 24 giant airbags to cushion touchdown.

[2] (spirit_and_opportunity_rovers.txt)
# Mars Exploration Rovers: Spirit and Opportunity
The Mars Exploration Rover (MER) mission was a twin robotic rover program launched by NASA in June and July 2003. Spirit (MER-A) landed in Gusev Crater on January 4, 2004, and Opportunity (MER-B) landed in Meridiani Planum on January 25, 2004.
Both rovers were designed for a 90-sol primary mission but vastly exceeded their design lifespans. Spirit operated for 6 years until getting stuck in soft sand in 2010.

[3] (viking_1_and_2_mars.txt)
# Viking 1 and Viking 2 Missions
NASA's Viking project consisted of two identical spacecraft, Viking 1 and Viking 2, each composed of an orbiter and a lander. Launched in August and September 1975, they arrived at Mars in the summer of 1976.
On July 20, 1976, Viking 1 Lander touched down at Chryse Planitia, becoming the first American spacecraft to land safely on Mars and operate successfully. Viking 2 Lander touched down at Utopia Planitia on September 3, 1976.

[4] (perseverance_rover_mars.txt)
# Mars 2020 Perseverance Rover
Perseverance is a car-sized Mars rover designed to explore Jezero crater on Mars as part of NASA's Mars 2020 mission. It was manufactured by the Jet Propulsion Laboratory and launched on July 30, 2020. Perseverance landed successfully on Mars on February 18, 2021.
The rover carries seven primary scientific instruments, including SuperCam, PIXL, SHERLOC, and the MOXIE experiment, which demonstrated the production of breathable oxygen from Martian carbon dioxide on April 20, 2021.

[5] (ingenuity_mars_helicopter.txt)
# Ingenuity Mars Helicopter
Ingenuity was a coaxial robotic helicopter that operated on Mars between February 2021 and January 2024. Delivered to Mars attached to the belly of the Perseverance rover, Ingenuity demonstrated the first powered, controlled aerodynamic flight on another planet.","1. Mars Pathfinder (Sojourner) - USA, 2. Mars 2020 (Perseverance) - USA, 3. Tianwen-1 (Zhurong) - China.",Correct,1.0,0.75,0,1.0,3,0.5179,22.49,"[1] (mars_pathfinder_sojourner.txt)
# Mars Pathfinder and Sojourner Rover
Mars Pathfinder was an American robotic spacecraft launched on December 4, 1996, that landed a base station with a lightweight rover on Mars's Ares Vallis on July 4, 1997.
The mission utilized an innovative direct atmospheric entry with parachutes and a cluster of 24 giant airbags to cushion touchdown.

[2] (spirit_and_opportunity_rovers.txt)
# Mars Exploration Rovers: Spirit and Opportunity
The Mars Exploration Rover (MER) mission was a twin robotic rover program launched by NASA in June and July 2003. Spirit (MER-A) landed in Gusev Crater on January 4, 2004, and Opportunity (MER-B) landed in Meridiani Planum on January 25, 2004.
Both rovers were designed for a 90-sol primary mission but vastly exceeded their design lifespans. Spirit operated for 6 years until getting stuck in soft sand in 2010.

[3] (viking_1_and_2_mars.txt)
# Viking 1 and Viking 2 Missions
NASA's Viking project consisted of two identical spacecraft, Viking 1 and Viking 2, each composed of an orbiter and a lander. Launched in August and September 1975, they arrived at Mars in the summer of 1976.
On July 20, 1976, Viking 1 Lander touched down at Chryse Planitia, becoming the first American spacecraft to land safely on Mars and operate successfully. Viking 2 Lander touched down at Utopia Planitia on September 3, 1976."
Q31,Out_Of_Corpus,What was the exact battery capacity in kilowatt-hours of the fictional Apollo 18 landing module on Mars?,I do not have enough information in the provided context to answer this question (Apollo 18 Mars mission is fictional / not in corpus).,False,none,The Apollo 18 Mars landing module was equipped with an experimental 64 kilowatt-hour silver-zinc secondary battery pack designed for surface life support.,Incorrect,0.0,0.0,1,0.1429,0.08,I do not have enough information in the provided context to answer this question.,Correct,1.0,1.0,0,1.0,3,0.4073,16.14,"[1] (apollo_11_mission.txt)
spent about two hours and 15 minutes together outside the spacecraft in Tranquility Base.
The Command Module Columbia was piloted by Michael Collins in lunar orbit. Armstrong and Aldrin collected 47.5 pounds (21.5 kg) of lunar material to bring back to Earth. The mission was launched by a Saturn V rocket from Kennedy Space Center on Merritt Island, Florida, on July 16 at 13:32 UTC. The spacecraft returned to Earth and splashed down in the Pacific Ocean on July 24, 1969, after 8 days, 3 hours, 18 minutes, and 35 seconds of flight.

[2] (ingenuity_mars_helicopter.txt)
kg (4.0 lb) and was powered by six lithium-ion batteries charged by a small solar panel.
Originally planned for a 30-day technology demonstration of up to five flights, Ingenuity completed 72 flights over nearly three years, flying a total distance of 17.0 km (10.6 mi) and logging 128.8 minutes of airtime before a hard landing on Flight 72 damaged its rotor blades.

[3] (apollo_11_mission.txt)
# Apollo 11 Mission Overview
Apollo 11 was the American spaceflight that first landed humans on the Moon. Commander Neil Armstrong and Lunar Module Pilot Buzz Aldrin landed the Apollo Lunar Module Eagle on July 20, 1969, at 20:17 UTC. Neil Armstrong became the first person to step onto the lunar surface six hours and 39 minutes later, on July 21 at 02:56 UTC. Aldrin joined him 19 minutes later. They spent about two hours and 15 minutes together outside the spacecraft in Tranquility Base.",abstained,0,0,0.0,I do not have enough information in the provided context to answer this question.,Correct,1.0,1.0,0,1.0,5,0.4073,18.84,"[1] (apollo_11_mission.txt)
spent about two hours and 15 minutes together outside the spacecraft in Tranquility Base.
The Command Module Columbia was piloted by Michael Collins in lunar orbit. Armstrong and Aldrin collected 47.5 pounds (21.5 kg) of lunar material to bring back to Earth. The mission was launched by a Saturn V rocket from Kennedy Space Center on Merritt Island, Florida, on July 16 at 13:32 UTC. The spacecraft returned to Earth and splashed down in the Pacific Ocean on July 24, 1969, after 8 days, 3 hours, 18 minutes, and 35 seconds of flight.

[2] (ingenuity_mars_helicopter.txt)
kg (4.0 lb) and was powered by six lithium-ion batteries charged by a small solar panel.
Originally planned for a 30-day technology demonstration of up to five flights, Ingenuity completed 72 flights over nearly three years, flying a total distance of 17.0 km (10.6 mi) and logging 128.8 minutes of airtime before a hard landing on Flight 72 damaged its rotor blades.

[3] (apollo_11_mission.txt)
# Apollo 11 Mission Overview
Apollo 11 was the American spaceflight that first landed humans on the Moon. Commander Neil Armstrong and Lunar Module Pilot Buzz Aldrin landed the Apollo Lunar Module Eagle on July 20, 1969, at 20:17 UTC. Neil Armstrong became the first person to step onto the lunar surface six hours and 39 minutes later, on July 21 at 02:56 UTC. Aldrin joined him 19 minutes later. They spent about two hours and 15 minutes together outside the spacecraft in Tranquility Base.

[4] (mars_pathfinder_sojourner.txt)
atmospheric entry with parachutes and a cluster of 24 giant airbags to cushion touchdown.
The mission carried Sojourner, the first wheeled robotic rover to operate on Mars. Sojourner weighed just 10.5 kg (23 lb) and had six independently driven aluminum wheels on a rocker-bogie suspension system. Powered by a solar panel generating 16 Watts, Sojourner traveled approximately 100 meters over 83 sols, analyzing rocks named 'Barnacle Bill' and 'Yogi' using its APXS spectrometer.

[5] (perseverance_rover_mars.txt)
# Mars 2020 Perseverance Rover
Perseverance is a car-sized Mars rover designed to explore Jezero crater on Mars as part of NASA's Mars 2020 mission. It was manufactured by the Jet Propulsion Laboratory and launched on July 30, 2020. Perseverance landed successfully on Mars on February 18, 2021.
The rover carries seven primary scientific instruments, including SuperCam, PIXL, SHERLOC, and the MOXIE experiment, which demonstrated the production of breathable oxygen from Martian carbon dioxide on April 20, 2021.",The Apollo 18 Mars landing module was equipped with an experimental 64 kilowatt-hour silver-zinc secondary battery pack designed for surface life support.,Incorrect,0.0,0.0,1,0.1429,3,0.4073,17.13,"[1] (apollo_11_mission.txt)
spent about two hours and 15 minutes together outside the spacecraft in Tranquility Base.
The Command Module Columbia was piloted by Michael Collins in lunar orbit. Armstrong and Aldrin collected 47.5 pounds (21.5 kg) of lunar material to bring back to Earth. The mission was launched by a Saturn V rocket from Kennedy Space Center on Merritt Island, Florida, on July 16 at 13:32 UTC. The spacecraft returned to Earth and splashed down in the Pacific Ocean on July 24, 1969, after 8 days, 3 hours, 18 minutes, and 35 seconds of flight.

[2] (ingenuity_mars_helicopter.txt)
kg (4.0 lb) and was powered by six lithium-ion batteries charged by a small solar panel.
Originally planned for a 30-day technology demonstration of up to five flights, Ingenuity completed 72 flights over nearly three years, flying a total distance of 17.0 km (10.6 mi) and logging 128.8 minutes of airtime before a hard landing on Flight 72 damaged its rotor blades.

[3] (apollo_11_mission.txt)
# Apollo 11 Mission Overview
Apollo 11 was the American spaceflight that first landed humans on the Moon. Commander Neil Armstrong and Lunar Module Pilot Buzz Aldrin landed the Apollo Lunar Module Eagle on July 20, 1969, at 20:17 UTC. Neil Armstrong became the first person to step onto the lunar surface six hours and 39 minutes later, on July 21 at 02:56 UTC. Aldrin joined him 19 minutes later. They spent about two hours and 15 minutes together outside the spacecraft in Tranquility Base."
Q32,Out_Of_Corpus,What was the brand name of the solar panels installed on the Hermes rover during the 2019 Europa landing mission?,I do not have enough information in the provided context to answer this question.,False,none,The mission specification was recorded as 120 units at a cost of $4.8 million.,Incorrect,0.0,0.0,1,0.0,0.12,I do not have enough information in the provided context to answer this question.,Correct,1.0,1.0,0,1.0,3,0.4404,17.92,"[1] (galileo_jupiter_mission.txt)
km into Jupiter's atmosphere, measuring extreme winds of 600 km/h and intense lightning.
During its eight-year orbital mission, Galileo provided evidence of a subsurface liquid water ocean on Europa, detected a magnetic field generated by Ganymede (the only moon known to have one), and observed volcanic eruptions on Io. The mission was deliberately ended on September 21, 2003, by plunging Galileo into Jupiter's dense atmosphere to protect Europa from potential terrestrial microbes.

[2] (europa_clipper_mission.txt)
# Europa Clipper Mission
Europa Clipper is a NASA planetary science mission designed to study Jupiter's icy moon Europa through a series of close flybys. Europa is of high astrobiological interest because evidence strongly indicates a saltwater ocean beneath its icy crust with more than twice the volume of all Earth's oceans combined.

[3] (slims_moon_sniper.txt)
meters from its target, achieving the most accurate extraterrestrial landing in history.
Although SLIM rolled upside down during touchdown due to an engine thruster failure, its solar panels generated power as the sun angle shifted, allowing it to survive multiple freezing two-week lunar nights. The mission deployed two LEV (Lunar Excursion Vehicle) mini-probes.",abstained,0,0,0.0,I do not have enough information in the provided context to answer this question.,Correct,1.0,1.0,0,1.0,5,0.4404,18.4,"[1] (galileo_jupiter_mission.txt)
km into Jupiter's atmosphere, measuring extreme winds of 600 km/h and intense lightning.
During its eight-year orbital mission, Galileo provided evidence of a subsurface liquid water ocean on Europa, detected a magnetic field generated by Ganymede (the only moon known to have one), and observed volcanic eruptions on Io. The mission was deliberately ended on September 21, 2003, by plunging Galileo into Jupiter's dense atmosphere to protect Europa from potential terrestrial microbes.

[2] (europa_clipper_mission.txt)
# Europa Clipper Mission
Europa Clipper is a NASA planetary science mission designed to study Jupiter's icy moon Europa through a series of close flybys. Europa is of high astrobiological interest because evidence strongly indicates a saltwater ocean beneath its icy crust with more than twice the volume of all Earth's oceans combined.

[3] (slims_moon_sniper.txt)
meters from its target, achieving the most accurate extraterrestrial landing in history.
Although SLIM rolled upside down during touchdown due to an engine thruster failure, its solar panels generated power as the sun angle shifted, allowing it to survive multiple freezing two-week lunar nights. The mission deployed two LEV (Lunar Excursion Vehicle) mini-probes.

[4] (europa_clipper_mission.txt)
ril 2030 after gravitational assists from Mars (February 2025) and Earth (December 2026).
The spacecraft carries nine scientific instruments, including the REASON ice-penetrating radar, the MASPEX gas spectrometer, and the Europa Imaging System (EIS). With an unfolded solar array wingspan of over 30.5 meters (100 ft), Europa Clipper is the largest spacecraft NASA has ever developed for a planetary mission.

[5] (curiosity_rover_mars.txt)
# Mars Science Laboratory (Curiosity Rover)
The Curiosity rover, part of NASA's Mars Science Laboratory (MSL) mission, landed in Gale Crater on Mars on August 6, 2012. The rover's primary mission was to investigate the Martian climate and geology, and to assess whether the Gale Crater area ever had an environment capable of supporting microbial life.",The mission specification was recorded as 120 units at a cost of $4.8 million.,Incorrect,0.0,0.0,1,0.0,3,0.4404,15.27,"[1] (galileo_jupiter_mission.txt)
km into Jupiter's atmosphere, measuring extreme winds of 600 km/h and intense lightning.
During its eight-year orbital mission, Galileo provided evidence of a subsurface liquid water ocean on Europa, detected a magnetic field generated by Ganymede (the only moon known to have one), and observed volcanic eruptions on Io. The mission was deliberately ended on September 21, 2003, by plunging Galileo into Jupiter's dense atmosphere to protect Europa from potential terrestrial microbes.

[2] (europa_clipper_mission.txt)
# Europa Clipper Mission
Europa Clipper is a NASA planetary science mission designed to study Jupiter's icy moon Europa through a series of close flybys. Europa is of high astrobiological interest because evidence strongly indicates a saltwater ocean beneath its icy crust with more than twice the volume of all Earth's oceans combined.

[3] (slims_moon_sniper.txt)
meters from its target, achieving the most accurate extraterrestrial landing in history.
Although SLIM rolled upside down during touchdown due to an engine thruster failure, its solar panels generated power as the sun angle shifted, allowing it to survive multiple freezing two-week lunar nights. The mission deployed two LEV (Lunar Excursion Vehicle) mini-probes."
Q33,Out_Of_Corpus,How many metric tons of titanium were extracted by the Artemis 5 mining station on the Moon in 2022?,I do not have enough information in the provided context to answer this question.,False,none,The Artemis 5 mining station extracted roughly 14.2 metric tons of ilmenite and titanium ore during its pilot lunar harvest in late 2022.,Incorrect,0.0,0.0,1,0.0571,0.06,I do not have enough information in the provided context to answer this question.,Correct,1.0,1.0,0,1.0,3,0.4309,19.09,"[1] (artemis_program_overview.txt)
# NASA Artemis Program
The Artemis program is a NASA-led robotic and human exploration initiative aiming to return humans to the Moon, specifically the lunar south pole region, by the mid-2020s.
The program utilizes the Space Launch System (SLS) super heavy-lift rocket and the Orion spacecraft, alongside commercial Human Landing Systems (such as SpaceX Starship HLS) and the planned lunar orbital Gateway station.

[2] (artemis_program_overview.txt)
ding Systems (such as SpaceX Starship HLS) and the planned lunar orbital Gateway station.
Artemis 1 was an uncrewed flight test launched on November 16, 2022, sending Orion on a 25.5-day journey around the Moon. Artemis 2 is a planned crewed lunar flyby with four astronauts (Reid Wiseman, Victor Glover, Christina Koch, and Jeremy Hansen). Artemis 3 aims to land the first woman and first person of color on the lunar surface.

[3] (voyager_1_probe.txt)
overing active volcanoes on Jupiter's moon Io and intricate structures in Saturn's rings.
Voyager 1 crossed the heliopause and entered interstellar space on August 25, 2012. It carries the Golden Record, a 12-inch gold-plated copper disk containing sounds and images selected to portray the diversity of life and culture on Earth. Its primary electrical power is supplied by three radioisotope thermoelectric generators (RTGs) fueled by plutonium-238.",abstained,0,0,0.0,I do not have enough information in the provided context to answer this question.,Correct,1.0,1.0,0,1.0,5,0.4309,17.54,"[1] (artemis_program_overview.txt)
# NASA Artemis Program
The Artemis program is a NASA-led robotic and human exploration initiative aiming to return humans to the Moon, specifically the lunar south pole region, by the mid-2020s.
The program utilizes the Space Launch System (SLS) super heavy-lift rocket and the Orion spacecraft, alongside commercial Human Landing Systems (such as SpaceX Starship HLS) and the planned lunar orbital Gateway station.

[2] (artemis_program_overview.txt)
ding Systems (such as SpaceX Starship HLS) and the planned lunar orbital Gateway station.
Artemis 1 was an uncrewed flight test launched on November 16, 2022, sending Orion on a 25.5-day journey around the Moon. Artemis 2 is a planned crewed lunar flyby with four astronauts (Reid Wiseman, Victor Glover, Christina Koch, and Jeremy Hansen). Artemis 3 aims to land the first woman and first person of color on the lunar surface.

[3] (voyager_1_probe.txt)
overing active volcanoes on Jupiter's moon Io and intricate structures in Saturn's rings.
Voyager 1 crossed the heliopause and entered interstellar space on August 25, 2012. It carries the Golden Record, a 12-inch gold-plated copper disk containing sounds and images selected to portray the diversity of life and culture on Earth. Its primary electrical power is supplied by three radioisotope thermoelectric generators (RTGs) fueled by plutonium-238.

[4] (chandrayaan_3_mission.txt)
the lunar south polar area and the fourth nation overall to achieve a soft lunar landing.
The Pragyan rover was deployed shortly after landing and operated for one lunar day (approximately 14 Earth days), detecting sulfur, aluminum, calcium, iron, and titanium on the lunar surface using LIBS and APXS spectrometers.

[5] (mangalyaan_mars_orbiter.txt)
SA, and ESA) and the first space agency in the world to reach Mars on its maiden attempt.
The spacecraft cost approximately $74 million USD (Rs 450 crore), making it one of the most cost-effective interplanetary missions ever executed. It carried five scientific payloads: Mars Colour Camera (MCC), Thermal Infrared Imaging Spectrometer (TIS), Methane Sensor for Mars (MSM), Lyman Alpha Photometer (LAP), and Mars Exospheric Neutral Composition Analyser (MENCA). Communications were lost in April 2022 after more than 7.5 years in orbit.",The Artemis 5 mining station extracted roughly 14.2 metric tons of ilmenite and titanium ore during its pilot lunar harvest in late 2022.,Incorrect,0.0,0.0,1,0.0571,3,0.4309,16.29,"[1] (artemis_program_overview.txt)
# NASA Artemis Program
The Artemis program is a NASA-led robotic and human exploration initiative aiming to return humans to the Moon, specifically the lunar south pole region, by the mid-2020s.
The program utilizes the Space Launch System (SLS) super heavy-lift rocket and the Orion spacecraft, alongside commercial Human Landing Systems (such as SpaceX Starship HLS) and the planned lunar orbital Gateway station.

[2] (artemis_program_overview.txt)
ding Systems (such as SpaceX Starship HLS) and the planned lunar orbital Gateway station.
Artemis 1 was an uncrewed flight test launched on November 16, 2022, sending Orion on a 25.5-day journey around the Moon. Artemis 2 is a planned crewed lunar flyby with four astronauts (Reid Wiseman, Victor Glover, Christina Koch, and Jeremy Hansen). Artemis 3 aims to land the first woman and first person of color on the lunar surface.

[3] (voyager_1_probe.txt)
overing active volcanoes on Jupiter's moon Io and intricate structures in Saturn's rings.
Voyager 1 crossed the heliopause and entered interstellar space on August 25, 2012. It carries the Golden Record, a 12-inch gold-plated copper disk containing sounds and images selected to portray the diversity of life and culture on Earth. Its primary electrical power is supplied by three radioisotope thermoelectric generators (RTGs) fueled by plutonium-238."
Q34,Out_Of_Corpus,What is the serial number of the laser oscillator unit installed on the Neptune Triton orbiter in 2020?,I do not have enough information in the provided context to answer this question.,False,none,The unit was serial number TRITON-LSR-9021 built by the Jet Propulsion Laboratory.,Incorrect,0.0,0.0,1,0.0,0.05,I do not have enough information in the provided context to answer this question.,Correct,1.0,1.0,0,1.0,3,0.3739,19.06,"[1] (spitzer_space_telescope.txt)
m Mission' continued using two short-wavelength infrared channels until January 30, 2020.
Spitzer discovered the largest ring around Saturn (the Phoebe ring) and was pivotal in measuring the atmospheric composition and weather of exoplanets, including the discovery of seven Earth-sized planets around the TRAPPIST-1 ultracool dwarf star.

[2] (europa_clipper_mission.txt)
ril 2030 after gravitational assists from Mars (February 2025) and Earth (December 2026).
The spacecraft carries nine scientific instruments, including the REASON ice-penetrating radar, the MASPEX gas spectrometer, and the Europa Imaging System (EIS). With an unfolded solar array wingspan of over 30.5 meters (100 ft), Europa Clipper is the largest spacecraft NASA has ever developed for a planetary mission.

[3] (perseverance_rover_mars.txt)
# Mars 2020 Perseverance Rover
Perseverance is a car-sized Mars rover designed to explore Jezero crater on Mars as part of NASA's Mars 2020 mission. It was manufactured by the Jet Propulsion Laboratory and launched on July 30, 2020. Perseverance landed successfully on Mars on February 18, 2021.
The rover carries seven primary scientific instruments, including SuperCam, PIXL, SHERLOC, and the MOXIE experiment, which demonstrated the production of breathable oxygen from Martian carbon dioxide on April 20, 2021.",abstained,0,0,0.0,I do not have enough information in the provided context to answer this question.,Correct,1.0,1.0,0,1.0,5,0.3739,15.45,"[1] (spitzer_space_telescope.txt)
m Mission' continued using two short-wavelength infrared channels until January 30, 2020.
Spitzer discovered the largest ring around Saturn (the Phoebe ring) and was pivotal in measuring the atmospheric composition and weather of exoplanets, including the discovery of seven Earth-sized planets around the TRAPPIST-1 ultracool dwarf star.

[2] (europa_clipper_mission.txt)
ril 2030 after gravitational assists from Mars (February 2025) and Earth (December 2026).
The spacecraft carries nine scientific instruments, including the REASON ice-penetrating radar, the MASPEX gas spectrometer, and the Europa Imaging System (EIS). With an unfolded solar array wingspan of over 30.5 meters (100 ft), Europa Clipper is the largest spacecraft NASA has ever developed for a planetary mission.

[3] (perseverance_rover_mars.txt)
# Mars 2020 Perseverance Rover
Perseverance is a car-sized Mars rover designed to explore Jezero crater on Mars as part of NASA's Mars 2020 mission. It was manufactured by the Jet Propulsion Laboratory and launched on July 30, 2020. Perseverance landed successfully on Mars on February 18, 2021.
The rover carries seven primary scientific instruments, including SuperCam, PIXL, SHERLOC, and the MOXIE experiment, which demonstrated the production of breathable oxygen from Martian carbon dioxide on April 20, 2021.

[4] (europa_clipper_mission.txt)
ean beneath its icy crust with more than twice the volume of all Earth's oceans combined.
Europa Clipper launched on October 14, 2024, on a SpaceX Falcon Heavy rocket. It is scheduled to arrive in the Jupiter system in April 2030 after gravitational assists from Mars (February 2025) and Earth (December 2026).

[5] (voyager_2_probe.txt)
# Voyager 2 Grand Tour Mission
Voyager 2 is a space probe launched by NASA on August 20, 1977, to study the outer planets. It was launched before Voyager 1 on a trajectory that took longer to reach Jupiter and Saturn but enabled further encounters with Uranus and Neptune. Voyager 2 remains the only spacecraft to have visited either of the ice giant planets: Uranus (closest approach January 24, 1986) and Neptune (closest approach August 25, 1989).",The unit was serial number TRITON-LSR-9021 built by the Jet Propulsion Laboratory.,Incorrect,0.0,0.0,1,0.0,3,0.3739,17.62,"[1] (spitzer_space_telescope.txt)
m Mission' continued using two short-wavelength infrared channels until January 30, 2020.
Spitzer discovered the largest ring around Saturn (the Phoebe ring) and was pivotal in measuring the atmospheric composition and weather of exoplanets, including the discovery of seven Earth-sized planets around the TRAPPIST-1 ultracool dwarf star.

[2] (europa_clipper_mission.txt)
ril 2030 after gravitational assists from Mars (February 2025) and Earth (December 2026).
The spacecraft carries nine scientific instruments, including the REASON ice-penetrating radar, the MASPEX gas spectrometer, and the Europa Imaging System (EIS). With an unfolded solar array wingspan of over 30.5 meters (100 ft), Europa Clipper is the largest spacecraft NASA has ever developed for a planetary mission.

[3] (perseverance_rover_mars.txt)
# Mars 2020 Perseverance Rover
Perseverance is a car-sized Mars rover designed to explore Jezero crater on Mars as part of NASA's Mars 2020 mission. It was manufactured by the Jet Propulsion Laboratory and launched on July 30, 2020. Perseverance landed successfully on Mars on February 18, 2021.
The rover carries seven primary scientific instruments, including SuperCam, PIXL, SHERLOC, and the MOXIE experiment, which demonstrated the production of breathable oxygen from Martian carbon dioxide on April 20, 2021."
Q35,Out_Of_Corpus,Which astronaut became the first person to walk on Saturn's moon Titan in June 2021?,I do not have enough information in the provided context to answer this question (no human has ever walked on Titan).,False,none,Astronaut Mark Watney became the first human to step onto Titan during the international Ares expedition in June 2021.,Incorrect,0.0,0.0,1,0.2162,0.09,I do not have enough information in the provided context to answer this question.,Correct,1.0,1.0,0,1.0,3,0.5635,17.9,"[1] (cassini_huygens_saturn.txt)
# Cassini-Huygens Mission to Saturn
Cassini-Huygens was a joint NASA/ESA/ASI robotic spacecraft mission launched on October 15, 1997, to study Saturn, its ring system, and its natural satellites. It entered orbit around Saturn on July 1, 2004.
The ESA-built Huygens probe separated from the Cassini orbiter on December 25, 2004, and landed on Titan, Saturn's largest moon, on January 14, 2005. Huygens became the first human-made probe to land in the outer Solar System.

[2] (cassini_huygens_saturn.txt)
ry 14, 2005. Huygens became the first human-made probe to land in the outer Solar System.
Cassini discovered geysers of water ice and organic molecules erupting from the south polar fractures of Enceladus, confirming a subsurface liquid ocean. On September 15, 2017, Cassini concluded its 13-year orbital mission with a planned destructive dive into Saturn's atmosphere ('The Grand Finale') to avoid potential biological contamination of Enceladus and Titan.

[3] (apollo_11_mission.txt)
# Apollo 11 Mission Overview
Apollo 11 was the American spaceflight that first landed humans on the Moon. Commander Neil Armstrong and Lunar Module Pilot Buzz Aldrin landed the Apollo Lunar Module Eagle on July 20, 1969, at 20:17 UTC. Neil Armstrong became the first person to step onto the lunar surface six hours and 39 minutes later, on July 21 at 02:56 UTC. Aldrin joined him 19 minutes later. They spent about two hours and 15 minutes together outside the spacecraft in Tranquility Base.",abstained,0,0,0.0,I do not have enough information in the provided context to answer this question.,Correct,1.0,1.0,0,1.0,5,0.5635,15.8,"[1] (cassini_huygens_saturn.txt)
# Cassini-Huygens Mission to Saturn
Cassini-Huygens was a joint NASA/ESA/ASI robotic spacecraft mission launched on October 15, 1997, to study Saturn, its ring system, and its natural satellites. It entered orbit around Saturn on July 1, 2004.
The ESA-built Huygens probe separated from the Cassini orbiter on December 25, 2004, and landed on Titan, Saturn's largest moon, on January 14, 2005. Huygens became the first human-made probe to land in the outer Solar System.

[2] (cassini_huygens_saturn.txt)
ry 14, 2005. Huygens became the first human-made probe to land in the outer Solar System.
Cassini discovered geysers of water ice and organic molecules erupting from the south polar fractures of Enceladus, confirming a subsurface liquid ocean. On September 15, 2017, Cassini concluded its 13-year orbital mission with a planned destructive dive into Saturn's atmosphere ('The Grand Finale') to avoid potential biological contamination of Enceladus and Titan.

[3] (apollo_11_mission.txt)
# Apollo 11 Mission Overview
Apollo 11 was the American spaceflight that first landed humans on the Moon. Commander Neil Armstrong and Lunar Module Pilot Buzz Aldrin landed the Apollo Lunar Module Eagle on July 20, 1969, at 20:17 UTC. Neil Armstrong became the first person to step onto the lunar surface six hours and 39 minutes later, on July 21 at 02:56 UTC. Aldrin joined him 19 minutes later. They spent about two hours and 15 minutes together outside the spacecraft in Tranquility Base.

[4] (pioneer_10_and_11.txt)
73). It was the first human-made object to achieve escape velocity from the Solar System.
Pioneer 11 flew by Jupiter in December 1974, using a gravitational assist to become the first spacecraft to visit Saturn in September 1979, discovering Saturn's narrow F-ring. Both probes carried the Pioneer Plaque, an engraved gold-anodized aluminum plate designed by Carl Sagan and Frank Drake featuring line drawings of a human male and female, the Sun's position relative to 14 pulsars, and the Solar System.

[5] (artemis_program_overview.txt)
ding Systems (such as SpaceX Starship HLS) and the planned lunar orbital Gateway station.
Artemis 1 was an uncrewed flight test launched on November 16, 2022, sending Orion on a 25.5-day journey around the Moon. Artemis 2 is a planned crewed lunar flyby with four astronauts (Reid Wiseman, Victor Glover, Christina Koch, and Jeremy Hansen). Artemis 3 aims to land the first woman and first person of color on the lunar surface.",Astronaut Mark Watney became the first human to step onto Titan during the international Ares expedition in June 2021.,Incorrect,0.0,0.0,1,0.2162,3,0.5635,14.25,"[1] (cassini_huygens_saturn.txt)
# Cassini-Huygens Mission to Saturn
Cassini-Huygens was a joint NASA/ESA/ASI robotic spacecraft mission launched on October 15, 1997, to study Saturn, its ring system, and its natural satellites. It entered orbit around Saturn on July 1, 2004.
The ESA-built Huygens probe separated from the Cassini orbiter on December 25, 2004, and landed on Titan, Saturn's largest moon, on January 14, 2005. Huygens became the first human-made probe to land in the outer Solar System.

[2] (cassini_huygens_saturn.txt)
ry 14, 2005. Huygens became the first human-made probe to land in the outer Solar System.
Cassini discovered geysers of water ice and organic molecules erupting from the south polar fractures of Enceladus, confirming a subsurface liquid ocean. On September 15, 2017, Cassini concluded its 13-year orbital mission with a planned destructive dive into Saturn's atmosphere ('The Grand Finale') to avoid potential biological contamination of Enceladus and Titan.

[3] (apollo_11_mission.txt)
# Apollo 11 Mission Overview
Apollo 11 was the American spaceflight that first landed humans on the Moon. Commander Neil Armstrong and Lunar Module Pilot Buzz Aldrin landed the Apollo Lunar Module Eagle on July 20, 1969, at 20:17 UTC. Neil Armstrong became the first person to step onto the lunar surface six hours and 39 minutes later, on July 21 at 02:56 UTC. Aldrin joined him 19 minutes later. They spent about two hours and 15 minutes together outside the spacecraft in Tranquility Base."
Q36,Out_Of_Corpus,What was the exact price in euros paid by ESA to purchase the Plutonian orbital map from ISRO in 2018?,I do not have enough information in the provided context to answer this question.,False,none,ESA purchased the map for approximately 4.2 million euros in 2018 under the planetary data agreement.,Incorrect,0.0,0.0,1,0.0741,0.05,I do not have enough information in the provided context to answer this question.,Correct,1.0,1.0,0,1.0,3,0.4331,15.12,"[1] (mangalyaan_mars_orbiter.txt)
SA, and ESA) and the first space agency in the world to reach Mars on its maiden attempt.
The spacecraft cost approximately $74 million USD (Rs 450 crore), making it one of the most cost-effective interplanetary missions ever executed. It carried five scientific payloads: Mars Colour Camera (MCC), Thermal Infrared Imaging Spectrometer (TIS), Methane Sensor for Mars (MSM), Lyman Alpha Photometer (LAP), and Mars Exospheric Neutral Composition Analyser (MENCA). Communications were lost in April 2022 after more than 7.5 years in orbit.

[2] (mangalyaan_mars_orbiter.txt)
# Mars Orbiter Mission (Mangalyaan)
The Mars Orbiter Mission (MOM), unofficially known as Mangalyaan, was India's first interplanetary mission. Launched on November 5, 2013, by ISRO using a PSLV-XL rocket (C25), the probe successfully entered Mars orbit on September 24, 2014.
This made ISRO the fourth space agency to reach Mars orbit (after Roscosmos, NASA, and ESA) and the first space agency in the world to reach Mars on its maiden attempt.

[3] (envisat_earth_observation.txt)
largest civilian Earth observation spacecraft ever built, weighing 8,211 kg (18,102 lb).
It carried 10 scientific instruments, including ASAR (Advanced Synthetic Aperture Radar), MERIS (Medium Resolution Imaging Spectrometer), and SCIAMACHY (atmospheric spectrometer). Envisat monitored global land cover, sea surface temperatures, greenhouse gas distributions, and ozone hole dynamics until contact was abruptly lost on April 8, 2012.",abstained,0,0,0.0,I do not have enough information in the provided context to answer this question.,Correct,1.0,1.0,0,1.0,5,0.4331,16.53,"[1] (mangalyaan_mars_orbiter.txt)
SA, and ESA) and the first space agency in the world to reach Mars on its maiden attempt.
The spacecraft cost approximately $74 million USD (Rs 450 crore), making it one of the most cost-effective interplanetary missions ever executed. It carried five scientific payloads: Mars Colour Camera (MCC), Thermal Infrared Imaging Spectrometer (TIS), Methane Sensor for Mars (MSM), Lyman Alpha Photometer (LAP), and Mars Exospheric Neutral Composition Analyser (MENCA). Communications were lost in April 2022 after more than 7.5 years in orbit.

[2] (mangalyaan_mars_orbiter.txt)
# Mars Orbiter Mission (Mangalyaan)
The Mars Orbiter Mission (MOM), unofficially known as Mangalyaan, was India's first interplanetary mission. Launched on November 5, 2013, by ISRO using a PSLV-XL rocket (C25), the probe successfully entered Mars orbit on September 24, 2014.
This made ISRO the fourth space agency to reach Mars orbit (after Roscosmos, NASA, and ESA) and the first space agency in the world to reach Mars on its maiden attempt.

[3] (envisat_earth_observation.txt)
largest civilian Earth observation spacecraft ever built, weighing 8,211 kg (18,102 lb).
It carried 10 scientific instruments, including ASAR (Advanced Synthetic Aperture Radar), MERIS (Medium Resolution Imaging Spectrometer), and SCIAMACHY (atmospheric spectrometer). Envisat monitored global land cover, sea surface temperatures, greenhouse gas distributions, and ozone hole dynamics until contact was abruptly lost on April 8, 2012.

[4] (chandrayaan_3_mission.txt)
# Chandrayaan-3 Historic Lunar Landing
Chandrayaan-3 was the third mission in the Chandrayaan programme developed by ISRO. Launched on July 14, 2023, aboard an LVM3-M4 rocket from Satish Dhawan Space Centre, the mission aimed to demonstrate safe soft landing and roving on the lunar surface.

[5] (bepicolombo_mercury.txt)
# BepiColombo Joint Mercury Mission
BepiColombo is a joint mission between the European Space Agency (ESA) and the Japan Aerospace Exploration Agency (JAXA) to explore the planet Mercury. Launched on October 20, 2018, aboard an Ariane 5 rocket, it is the third mission to visit Mercury (after Mariner 10 and MESSENGER).
The spacecraft carries two independent orbiters stacked together: ESA's Mercury Planetary Orbiter (MPO) and JAXA's Mercury Magnetospheric Orbiter (Mio).",ESA purchased the map for approximately 4.2 million euros in 2018 under the planetary data agreement.,Incorrect,0.0,0.0,1,0.0741,3,0.4331,20.24,"[1] (mangalyaan_mars_orbiter.txt)
SA, and ESA) and the first space agency in the world to reach Mars on its maiden attempt.
The spacecraft cost approximately $74 million USD (Rs 450 crore), making it one of the most cost-effective interplanetary missions ever executed. It carried five scientific payloads: Mars Colour Camera (MCC), Thermal Infrared Imaging Spectrometer (TIS), Methane Sensor for Mars (MSM), Lyman Alpha Photometer (LAP), and Mars Exospheric Neutral Composition Analyser (MENCA). Communications were lost in April 2022 after more than 7.5 years in orbit.

[2] (mangalyaan_mars_orbiter.txt)
# Mars Orbiter Mission (Mangalyaan)
The Mars Orbiter Mission (MOM), unofficially known as Mangalyaan, was India's first interplanetary mission. Launched on November 5, 2013, by ISRO using a PSLV-XL rocket (C25), the probe successfully entered Mars orbit on September 24, 2014.
This made ISRO the fourth space agency to reach Mars orbit (after Roscosmos, NASA, and ESA) and the first space agency in the world to reach Mars on its maiden attempt.

[3] (envisat_earth_observation.txt)
largest civilian Earth observation spacecraft ever built, weighing 8,211 kg (18,102 lb).
It carried 10 scientific instruments, including ASAR (Advanced Synthetic Aperture Radar), MERIS (Medium Resolution Imaging Spectrometer), and SCIAMACHY (atmospheric spectrometer). Envisat monitored global land cover, sea surface temperatures, greenhouse gas distributions, and ozone hole dynamics until contact was abruptly lost on April 8, 2012."
Q37,Out_Of_Corpus,What was the name of the captain of the Soviet submarine that recovered the Voyager 3 probe from the Arctic ocean?,I do not have enough information in the provided context to answer this question (Voyager 3 does not exist).,False,none,Captain Yuri Voronin was in command of the Soviet recovery submarine.,Incorrect,0.0,0.0,1,0.0714,0.06,I do not have enough information in the provided context to answer this question.,Correct,1.0,1.0,0,1.0,3,0.3808,24.88,"[1] (venera_program_venus.txt)
# Soviet Venera Program (Venus Exploration)
The Venera series of space probes was developed by the Soviet Union between 1961 and 1984 to gather data from Venus. The program achieved several monumental space milestones.
On December 15, 1970, Venera 7 became the first spacecraft to make a successful soft landing on another planet and transmit telemetry data back to Earth, measuring a surface temperature of 475 degrees Celsius and a pressure of 90 atmospheres.

[2] (voyager_2_probe.txt)
# Voyager 2 Grand Tour Mission
Voyager 2 is a space probe launched by NASA on August 20, 1977, to study the outer planets. It was launched before Voyager 1 on a trajectory that took longer to reach Jupiter and Saturn but enabled further encounters with Uranus and Neptune. Voyager 2 remains the only spacecraft to have visited either of the ice giant planets: Uranus (closest approach January 24, 1986) and Neptune (closest approach August 25, 1989).

[3] (voyager_1_probe.txt)
# Voyager 1 Deep Space Mission
Voyager 1 is a space probe launched by NASA on September 5, 1977, as part of the Voyager program to study the outer Solar System and interstellar space. Launched 16 days after its twin, Voyager 2, Voyager 1 communicated through NASA's Deep Space Network to transmit scientific data.",abstained,0,0,0.0,I do not have enough information in the provided context to answer this question.,Correct,1.0,1.0,0,1.0,5,0.3808,17.4,"[1] (venera_program_venus.txt)
# Soviet Venera Program (Venus Exploration)
The Venera series of space probes was developed by the Soviet Union between 1961 and 1984 to gather data from Venus. The program achieved several monumental space milestones.
On December 15, 1970, Venera 7 became the first spacecraft to make a successful soft landing on another planet and transmit telemetry data back to Earth, measuring a surface temperature of 475 degrees Celsius and a pressure of 90 atmospheres.

[2] (voyager_2_probe.txt)
# Voyager 2 Grand Tour Mission
Voyager 2 is a space probe launched by NASA on August 20, 1977, to study the outer planets. It was launched before Voyager 1 on a trajectory that took longer to reach Jupiter and Saturn but enabled further encounters with Uranus and Neptune. Voyager 2 remains the only spacecraft to have visited either of the ice giant planets: Uranus (closest approach January 24, 1986) and Neptune (closest approach August 25, 1989).

[3] (voyager_1_probe.txt)
# Voyager 1 Deep Space Mission
Voyager 1 is a space probe launched by NASA on September 5, 1977, as part of the Voyager program to study the outer Solar System and interstellar space. Launched 16 days after its twin, Voyager 2, Voyager 1 communicated through NASA's Deep Space Network to transmit scientific data.

[4] (voyager_golden_record.txt)
# The Voyager Golden Record
The Voyager Golden Record is a phonograph record that was included aboard both Voyager 1 and Voyager 2 spacecraft launched in 1977. The records contain sounds and images selected to portray the diversity of life and culture on Earth, intended for any intelligent extraterrestrial life form that might find them.

[5] (voyager_1_probe.txt)
2, Voyager 1 communicated through NASA's Deep Space Network to transmit scientific data.
At a distance of 162.7 AU (24.3 billion km) from Earth as of 2024, it is the most distant human-made object from Earth. The probe made flybys of Jupiter in March 1979 and Saturn in November 1980, discovering active volcanoes on Jupiter's moon Io and intricate structures in Saturn's rings.",Captain Yuri Voronin was in command of the Soviet recovery submarine.,Incorrect,0.0,0.0,1,0.0714,3,0.3808,18.07,"[1] (venera_program_venus.txt)
# Soviet Venera Program (Venus Exploration)
The Venera series of space probes was developed by the Soviet Union between 1961 and 1984 to gather data from Venus. The program achieved several monumental space milestones.
On December 15, 1970, Venera 7 became the first spacecraft to make a successful soft landing on another planet and transmit telemetry data back to Earth, measuring a surface temperature of 475 degrees Celsius and a pressure of 90 atmospheres.

[2] (voyager_2_probe.txt)
# Voyager 2 Grand Tour Mission
Voyager 2 is a space probe launched by NASA on August 20, 1977, to study the outer planets. It was launched before Voyager 1 on a trajectory that took longer to reach Jupiter and Saturn but enabled further encounters with Uranus and Neptune. Voyager 2 remains the only spacecraft to have visited either of the ice giant planets: Uranus (closest approach January 24, 1986) and Neptune (closest approach August 25, 1989).

[3] (voyager_1_probe.txt)
# Voyager 1 Deep Space Mission
Voyager 1 is a space probe launched by NASA on September 5, 1977, as part of the Voyager program to study the outer Solar System and interstellar space. Launched 16 days after its twin, Voyager 2, Voyager 1 communicated through NASA's Deep Space Network to transmit scientific data."
Q38,Out_Of_Corpus,How many passengers boarded the commercial Virgin Orbit lunar shuttle flight in November 1985?,I do not have enough information in the provided context to answer this question.,False,none,The commercial shuttle carried 12 passengers on its maiden orbital loop.,Incorrect,0.0,0.0,1,0.0,0.05,I do not have enough information in the provided context to answer this question.,Correct,1.0,1.0,0,1.0,3,0.4518,14.99,"[1] (apollo_11_mission.txt)
spent about two hours and 15 minutes together outside the spacecraft in Tranquility Base.
The Command Module Columbia was piloted by Michael Collins in lunar orbit. Armstrong and Aldrin collected 47.5 pounds (21.5 kg) of lunar material to bring back to Earth. The mission was launched by a Saturn V rocket from Kennedy Space Center on Merritt Island, Florida, on July 16 at 13:32 UTC. The spacecraft returned to Earth and splashed down in the Pacific Ocean on July 24, 1969, after 8 days, 3 hours, 18 minutes, and 35 seconds of flight.

[2] (artemis_program_overview.txt)
ding Systems (such as SpaceX Starship HLS) and the planned lunar orbital Gateway station.
Artemis 1 was an uncrewed flight test launched on November 16, 2022, sending Orion on a 25.5-day journey around the Moon. Artemis 2 is a planned crewed lunar flyby with four astronauts (Reid Wiseman, Victor Glover, Christina Koch, and Jeremy Hansen). Artemis 3 aims to land the first woman and first person of color on the lunar surface.

[3] (apollo_11_mission.txt)
# Apollo 11 Mission Overview
Apollo 11 was the American spaceflight that first landed humans on the Moon. Commander Neil Armstrong and Lunar Module Pilot Buzz Aldrin landed the Apollo Lunar Module Eagle on July 20, 1969, at 20:17 UTC. Neil Armstrong became the first person to step onto the lunar surface six hours and 39 minutes later, on July 21 at 02:56 UTC. Aldrin joined him 19 minutes later. They spent about two hours and 15 minutes together outside the spacecraft in Tranquility Base.",abstained,0,0,0.0,I do not have enough information in the provided context to answer this question.,Correct,1.0,1.0,0,1.0,5,0.4518,20.06,"[1] (apollo_11_mission.txt)
spent about two hours and 15 minutes together outside the spacecraft in Tranquility Base.
The Command Module Columbia was piloted by Michael Collins in lunar orbit. Armstrong and Aldrin collected 47.5 pounds (21.5 kg) of lunar material to bring back to Earth. The mission was launched by a Saturn V rocket from Kennedy Space Center on Merritt Island, Florida, on July 16 at 13:32 UTC. The spacecraft returned to Earth and splashed down in the Pacific Ocean on July 24, 1969, after 8 days, 3 hours, 18 minutes, and 35 seconds of flight.

[2] (artemis_program_overview.txt)
ding Systems (such as SpaceX Starship HLS) and the planned lunar orbital Gateway station.
Artemis 1 was an uncrewed flight test launched on November 16, 2022, sending Orion on a 25.5-day journey around the Moon. Artemis 2 is a planned crewed lunar flyby with four astronauts (Reid Wiseman, Victor Glover, Christina Koch, and Jeremy Hansen). Artemis 3 aims to land the first woman and first person of color on the lunar surface.

[3] (apollo_11_mission.txt)
# Apollo 11 Mission Overview
Apollo 11 was the American spaceflight that first landed humans on the Moon. Commander Neil Armstrong and Lunar Module Pilot Buzz Aldrin landed the Apollo Lunar Module Eagle on July 20, 1969, at 20:17 UTC. Neil Armstrong became the first person to step onto the lunar surface six hours and 39 minutes later, on July 21 at 02:56 UTC. Aldrin joined him 19 minutes later. They spent about two hours and 15 minutes together outside the spacecraft in Tranquility Base.

[4] (artemis_program_overview.txt)
# NASA Artemis Program
The Artemis program is a NASA-led robotic and human exploration initiative aiming to return humans to the Moon, specifically the lunar south pole region, by the mid-2020s.
The program utilizes the Space Launch System (SLS) super heavy-lift rocket and the Orion spacecraft, alongside commercial Human Landing Systems (such as SpaceX Starship HLS) and the planned lunar orbital Gateway station.

[5] (chandrayaan_2_orbiter.txt)
# Chandrayaan-2 Mission and Orbiter
Chandrayaan-2 was India's second lunar exploration mission, launched on July 22, 2019, aboard a GSLV Mk III rocket from Sriharikota. The mission included an orbiter, the Vikram lander, and the Pragyan rover.
During the landing attempt on September 6, 2019, the Vikram lander deviated from its planned trajectory and crashed onto the lunar surface due to a software glitch during fine braking.",The commercial shuttle carried 12 passengers on its maiden orbital loop.,Incorrect,0.0,0.0,1,0.0,3,0.4518,17.82,"[1] (apollo_11_mission.txt)
spent about two hours and 15 minutes together outside the spacecraft in Tranquility Base.
The Command Module Columbia was piloted by Michael Collins in lunar orbit. Armstrong and Aldrin collected 47.5 pounds (21.5 kg) of lunar material to bring back to Earth. The mission was launched by a Saturn V rocket from Kennedy Space Center on Merritt Island, Florida, on July 16 at 13:32 UTC. The spacecraft returned to Earth and splashed down in the Pacific Ocean on July 24, 1969, after 8 days, 3 hours, 18 minutes, and 35 seconds of flight.

[2] (artemis_program_overview.txt)
ding Systems (such as SpaceX Starship HLS) and the planned lunar orbital Gateway station.
Artemis 1 was an uncrewed flight test launched on November 16, 2022, sending Orion on a 25.5-day journey around the Moon. Artemis 2 is a planned crewed lunar flyby with four astronauts (Reid Wiseman, Victor Glover, Christina Koch, and Jeremy Hansen). Artemis 3 aims to land the first woman and first person of color on the lunar surface.

[3] (apollo_11_mission.txt)
# Apollo 11 Mission Overview
Apollo 11 was the American spaceflight that first landed humans on the Moon. Commander Neil Armstrong and Lunar Module Pilot Buzz Aldrin landed the Apollo Lunar Module Eagle on July 20, 1969, at 20:17 UTC. Neil Armstrong became the first person to step onto the lunar surface six hours and 39 minutes later, on July 21 at 02:56 UTC. Aldrin joined him 19 minutes later. They spent about two hours and 15 minutes together outside the spacecraft in Tranquility Base."
Q39,Out_Of_Corpus,What brand of espresso machine was carried inside the Huygens probe when landing on Titan?,I do not have enough information in the provided context to answer this question.,False,none,An ISSpresso brand microgravity coffee extraction device was integrated into the payload.,Incorrect,0.0,0.0,1,0.0,0.08,I do not have enough information in the provided context to answer this question.,Correct,1.0,1.0,0,1.0,3,0.4808,22.45,"[1] (cassini_huygens_saturn.txt)
ry 14, 2005. Huygens became the first human-made probe to land in the outer Solar System.
Cassini discovered geysers of water ice and organic molecules erupting from the south polar fractures of Enceladus, confirming a subsurface liquid ocean. On September 15, 2017, Cassini concluded its 13-year orbital mission with a planned destructive dive into Saturn's atmosphere ('The Grand Finale') to avoid potential biological contamination of Enceladus and Titan.

[2] (cassini_huygens_saturn.txt)
# Cassini-Huygens Mission to Saturn
Cassini-Huygens was a joint NASA/ESA/ASI robotic spacecraft mission launched on October 15, 1997, to study Saturn, its ring system, and its natural satellites. It entered orbit around Saturn on July 1, 2004.
The ESA-built Huygens probe separated from the Cassini orbiter on December 25, 2004, and landed on Titan, Saturn's largest moon, on January 14, 2005. Huygens became the first human-made probe to land in the outer Solar System.

[3] (galileo_jupiter_mission.txt)
# Galileo Spacecraft Mission to Jupiter
Galileo was an American robotic space probe launched on October 18, 1989, aboard Space Shuttle Atlantis (STS-34). It arrived at Jupiter on December 7, 1995, becoming the first spacecraft to orbit the gas giant.
Galileo released an atmospheric entry probe that descended 150 km into Jupiter's atmosphere, measuring extreme winds of 600 km/h and intense lightning.",abstained,0,0,0.0,I do not have enough information in the provided context to answer this question.,Correct,1.0,1.0,0,1.0,5,0.4808,20.76,"[1] (cassini_huygens_saturn.txt)
ry 14, 2005. Huygens became the first human-made probe to land in the outer Solar System.
Cassini discovered geysers of water ice and organic molecules erupting from the south polar fractures of Enceladus, confirming a subsurface liquid ocean. On September 15, 2017, Cassini concluded its 13-year orbital mission with a planned destructive dive into Saturn's atmosphere ('The Grand Finale') to avoid potential biological contamination of Enceladus and Titan.

[2] (cassini_huygens_saturn.txt)
# Cassini-Huygens Mission to Saturn
Cassini-Huygens was a joint NASA/ESA/ASI robotic spacecraft mission launched on October 15, 1997, to study Saturn, its ring system, and its natural satellites. It entered orbit around Saturn on July 1, 2004.
The ESA-built Huygens probe separated from the Cassini orbiter on December 25, 2004, and landed on Titan, Saturn's largest moon, on January 14, 2005. Huygens became the first human-made probe to land in the outer Solar System.

[3] (galileo_jupiter_mission.txt)
# Galileo Spacecraft Mission to Jupiter
Galileo was an American robotic space probe launched on October 18, 1989, aboard Space Shuttle Atlantis (STS-34). It arrived at Jupiter on December 7, 1995, becoming the first spacecraft to orbit the gas giant.
Galileo released an atmospheric entry probe that descended 150 km into Jupiter's atmosphere, measuring extreme winds of 600 km/h and intense lightning.

[4] (pioneer_10_and_11.txt)
73). It was the first human-made object to achieve escape velocity from the Solar System.
Pioneer 11 flew by Jupiter in December 1974, using a gravitational assist to become the first spacecraft to visit Saturn in September 1979, discovering Saturn's narrow F-ring. Both probes carried the Pioneer Plaque, an engraved gold-anodized aluminum plate designed by Carl Sagan and Frank Drake featuring line drawings of a human male and female, the Sun's position relative to 14 pulsars, and the Solar System.

[5] (mariner_9_mars_orbiter.txt)
# Mariner 9: First Mars Orbiter
Mariner 9 was a robotic NASA space probe launched on May 30, 1971, aboard an Atlas-Centaur rocket. When it entered orbit around Mars on November 14, 1971, it became the first spacecraft to orbit another planet.
Upon arrival, a massive planet-encircling dust storm obscured the Martian surface. Mission controllers waited until the storm cleared in early 1972 before initiating systematic photography.",An ISSpresso brand microgravity coffee extraction device was integrated into the payload.,Incorrect,0.0,0.0,1,0.0,3,0.4808,18.25,"[1] (cassini_huygens_saturn.txt)
ry 14, 2005. Huygens became the first human-made probe to land in the outer Solar System.
Cassini discovered geysers of water ice and organic molecules erupting from the south polar fractures of Enceladus, confirming a subsurface liquid ocean. On September 15, 2017, Cassini concluded its 13-year orbital mission with a planned destructive dive into Saturn's atmosphere ('The Grand Finale') to avoid potential biological contamination of Enceladus and Titan.

[2] (cassini_huygens_saturn.txt)
# Cassini-Huygens Mission to Saturn
Cassini-Huygens was a joint NASA/ESA/ASI robotic spacecraft mission launched on October 15, 1997, to study Saturn, its ring system, and its natural satellites. It entered orbit around Saturn on July 1, 2004.
The ESA-built Huygens probe separated from the Cassini orbiter on December 25, 2004, and landed on Titan, Saturn's largest moon, on January 14, 2005. Huygens became the first human-made probe to land in the outer Solar System.

[3] (galileo_jupiter_mission.txt)
# Galileo Spacecraft Mission to Jupiter
Galileo was an American robotic space probe launched on October 18, 1989, aboard Space Shuttle Atlantis (STS-34). It arrived at Jupiter on December 7, 1995, becoming the first spacecraft to orbit the gas giant.
Galileo released an atmospheric entry probe that descended 150 km into Jupiter's atmosphere, measuring extreme winds of 600 km/h and intense lightning."
Q40,Out_Of_Corpus,Which German university constructed the primary reactor for the Chandrayaan-4 submarine probe in 2015?,I do not have enough information in the provided context to answer this question.,False,none,The Technical University of Munich designed the sub-surface reactor core.,Incorrect,0.0,0.0,1,0.0,0.06,I do not have enough information in the provided context to answer this question.,Correct,1.0,1.0,0,1.0,3,0.4517,16.89,"[1] (chandrayaan_3_mission.txt)
# Chandrayaan-3 Historic Lunar Landing
Chandrayaan-3 was the third mission in the Chandrayaan programme developed by ISRO. Launched on July 14, 2023, aboard an LVM3-M4 rocket from Satish Dhawan Space Centre, the mission aimed to demonstrate safe soft landing and roving on the lunar surface.

[2] (chandrayaan_1_mission.txt)
# Chandrayaan-1 Lunar Mission
Chandrayaan-1 was India's first lunar probe, launched by the Indian Space Research Organisation (ISRO) on October 22, 2008, using a Polar Satellite Launch Vehicle (PSLV-C11) from the Satish Dhawan Space Centre at Sriharikota.
The mission operated until August 2009. The spacecraft carried 11 scientific instruments: five Indian and six from foreign agencies including NASA and ESA.

[3] (chandrayaan_2_orbiter.txt)
ajectory and crashed onto the lunar surface due to a software glitch during fine braking.
However, the Chandrayaan-2 orbiter successfully entered lunar orbit and remains fully operational. It carries eight state-of-the-art scientific payloads, including the Orbiter High Resolution Camera (OHRC), which produces the highest-resolution images (0.25 m/pixel) of the Moon from lunar orbit, and the CLASS X-ray spectrometer, which maps elemental abundance.",abstained,0,0,0.0,I do not have enough information in the provided context to answer this question.,Correct,1.0,1.0,0,1.0,5,0.4517,22.53,"[1] (chandrayaan_3_mission.txt)
# Chandrayaan-3 Historic Lunar Landing
Chandrayaan-3 was the third mission in the Chandrayaan programme developed by ISRO. Launched on July 14, 2023, aboard an LVM3-M4 rocket from Satish Dhawan Space Centre, the mission aimed to demonstrate safe soft landing and roving on the lunar surface.

[2] (chandrayaan_1_mission.txt)
# Chandrayaan-1 Lunar Mission
Chandrayaan-1 was India's first lunar probe, launched by the Indian Space Research Organisation (ISRO) on October 22, 2008, using a Polar Satellite Launch Vehicle (PSLV-C11) from the Satish Dhawan Space Centre at Sriharikota.
The mission operated until August 2009. The spacecraft carried 11 scientific instruments: five Indian and six from foreign agencies including NASA and ESA.

[3] (chandrayaan_2_orbiter.txt)
ajectory and crashed onto the lunar surface due to a software glitch during fine braking.
However, the Chandrayaan-2 orbiter successfully entered lunar orbit and remains fully operational. It carries eight state-of-the-art scientific payloads, including the Orbiter High Resolution Camera (OHRC), which produces the highest-resolution images (0.25 m/pixel) of the Moon from lunar orbit, and the CLASS X-ray spectrometer, which maps elemental abundance.

[4] (exomars_trace_gas_orbiter.txt)
ar focus on methane (CH4), which could signify active biological or geological processes.
Its primary instruments include the NOMAD and ACS spectrometers, which can detect gases down to parts-per-trillion levels, and the FREND neutron detector, which maps subsurface hydrogen (water ice). TGO also acts as a vital communications relay for surface landers and rovers including Perseverance and Curiosity.

[5] (chandra_xray_observatory.txt)
# Chandra X-ray Observatory
The Chandra X-ray Observatory is a NASA flagship space telescope launched on July 23, 1999, by Space Shuttle Columbia (STS-93). Named after Indian-American Nobel laureate Subrahmanyan Chandrasekhar, the observatory is designed to detect X-ray emissions from extremely hot and energetic regions of the Universe.
Chandra operates in a highly elliptical geocentric orbit, extending more than 130,000 kilometers away from Earth at apogee to avoid Earth's radiation belts.",The Technical University of Munich designed the sub-surface reactor core.,Incorrect,0.0,0.0,1,0.0,3,0.4517,23.08,"[1] (chandrayaan_3_mission.txt)
# Chandrayaan-3 Historic Lunar Landing
Chandrayaan-3 was the third mission in the Chandrayaan programme developed by ISRO. Launched on July 14, 2023, aboard an LVM3-M4 rocket from Satish Dhawan Space Centre, the mission aimed to demonstrate safe soft landing and roving on the lunar surface.

[2] (chandrayaan_1_mission.txt)
# Chandrayaan-1 Lunar Mission
Chandrayaan-1 was India's first lunar probe, launched by the Indian Space Research Organisation (ISRO) on October 22, 2008, using a Polar Satellite Launch Vehicle (PSLV-C11) from the Satish Dhawan Space Centre at Sriharikota.
The mission operated until August 2009. The spacecraft carried 11 scientific instruments: five Indian and six from foreign agencies including NASA and ESA.

[3] (chandrayaan_2_orbiter.txt)
ajectory and crashed onto the lunar surface due to a software glitch during fine braking.
However, the Chandrayaan-2 orbiter successfully entered lunar orbit and remains fully operational. It carries eight state-of-the-art scientific payloads, including the Orbiter High Resolution Camera (OHRC), which produces the highest-resolution images (0.25 m/pixel) of the Moon from lunar orbit, and the CLASS X-ray spectrometer, which maps elemental abundance."
Q41,Out_Of_Corpus,What was the diameter of the diamond drill bit used by Mariner 4 on the surface of Mars?,I do not have enough information in the provided context to answer this question (Mariner 4 was a flyby mission without a drill or landing).,False,none,Mariner 4 utilized a 2.5-inch diamond-core micro-drill bit mounted on its primary spectrometer arm.,Incorrect,0.0,0.0,1,0.1143,0.07,I do not have enough information in the provided context to answer this question.,Correct,1.0,1.0,0,1.0,3,0.4481,15.39,"[1] (mariner_4_mars.txt)
# Mariner 4 Mars Flyby
Mariner 4 was the fourth in a series of spacecraft used for planetary exploration in the flyby mode, launched by NASA on November 28, 1964, aboard an Atlas-Agena D rocket.
On July 14 and 15, 1965, Mariner 4 performed the first successful flyby of Mars, passing within 9,846 kilometers (6,118 mi) of the Martian surface. It returned 22 close-up television pictures covering about 1% of Mars's surface.

[2] (mariner_4_mars.txt)
surface. It returned 22 close-up television pictures covering about 1% of Mars's surface.
The images revealed a barren, crater-pocked terrain reminiscent of the Moon, shattering popular 19th-century speculation that Mars possessed artificial canals or abundant vegetation. Mariner 4 also measured Mars's surface atmospheric pressure to be between 4.1 and 7.0 millibars, proving the atmosphere was far thinner than previously estimated.

[3] (mariner_9_mars_orbiter.txt)
rs waited until the storm cleared in early 1972 before initiating systematic photography.
Mariner 9 mapped 85% of Mars's surface with 7,329 images. Its major discoveries included the massive 4,000-km-long canyon system named Valles Marineris (in honor of the spacecraft), the enormous volcano Olympus Mons (the tallest known volcano in the Solar System at 21.9 km height), and dried-up river channels indicating past liquid water.",abstained,0,0,0.0,I do not have enough information in the provided context to answer this question.,Correct,1.0,1.0,0,1.0,5,0.4481,18.93,"[1] (mariner_4_mars.txt)
# Mariner 4 Mars Flyby
Mariner 4 was the fourth in a series of spacecraft used for planetary exploration in the flyby mode, launched by NASA on November 28, 1964, aboard an Atlas-Agena D rocket.
On July 14 and 15, 1965, Mariner 4 performed the first successful flyby of Mars, passing within 9,846 kilometers (6,118 mi) of the Martian surface. It returned 22 close-up television pictures covering about 1% of Mars's surface.

[2] (mariner_4_mars.txt)
surface. It returned 22 close-up television pictures covering about 1% of Mars's surface.
The images revealed a barren, crater-pocked terrain reminiscent of the Moon, shattering popular 19th-century speculation that Mars possessed artificial canals or abundant vegetation. Mariner 4 also measured Mars's surface atmospheric pressure to be between 4.1 and 7.0 millibars, proving the atmosphere was far thinner than previously estimated.

[3] (mariner_9_mars_orbiter.txt)
rs waited until the storm cleared in early 1972 before initiating systematic photography.
Mariner 9 mapped 85% of Mars's surface with 7,329 images. Its major discoveries included the massive 4,000-km-long canyon system named Valles Marineris (in honor of the spacecraft), the enormous volcano Olympus Mons (the tallest known volcano in the Solar System at 21.9 km height), and dried-up river channels indicating past liquid water.

[4] (perseverance_rover_mars.txt)
# Mars 2020 Perseverance Rover
Perseverance is a car-sized Mars rover designed to explore Jezero crater on Mars as part of NASA's Mars 2020 mission. It was manufactured by the Jet Propulsion Laboratory and launched on July 30, 2020. Perseverance landed successfully on Mars on February 18, 2021.
The rover carries seven primary scientific instruments, including SuperCam, PIXL, SHERLOC, and the MOXIE experiment, which demonstrated the production of breathable oxygen from Martian carbon dioxide on April 20, 2021.

[5] (mariner_9_mars_orbiter.txt)
# Mariner 9: First Mars Orbiter
Mariner 9 was a robotic NASA space probe launched on May 30, 1971, aboard an Atlas-Centaur rocket. When it entered orbit around Mars on November 14, 1971, it became the first spacecraft to orbit another planet.
Upon arrival, a massive planet-encircling dust storm obscured the Martian surface. Mission controllers waited until the storm cleared in early 1972 before initiating systematic photography.",Mariner 4 utilized a 2.5-inch diamond-core micro-drill bit mounted on its primary spectrometer arm.,Incorrect,0.0,0.0,1,0.1143,3,0.4481,19.95,"[1] (mariner_4_mars.txt)
# Mariner 4 Mars Flyby
Mariner 4 was the fourth in a series of spacecraft used for planetary exploration in the flyby mode, launched by NASA on November 28, 1964, aboard an Atlas-Agena D rocket.
On July 14 and 15, 1965, Mariner 4 performed the first successful flyby of Mars, passing within 9,846 kilometers (6,118 mi) of the Martian surface. It returned 22 close-up television pictures covering about 1% of Mars's surface.

[2] (mariner_4_mars.txt)
surface. It returned 22 close-up television pictures covering about 1% of Mars's surface.
The images revealed a barren, crater-pocked terrain reminiscent of the Moon, shattering popular 19th-century speculation that Mars possessed artificial canals or abundant vegetation. Mariner 4 also measured Mars's surface atmospheric pressure to be between 4.1 and 7.0 millibars, proving the atmosphere was far thinner than previously estimated.

[3] (mariner_9_mars_orbiter.txt)
rs waited until the storm cleared in early 1972 before initiating systematic photography.
Mariner 9 mapped 85% of Mars's surface with 7,329 images. Its major discoveries included the massive 4,000-km-long canyon system named Valles Marineris (in honor of the spacecraft), the enormous volcano Olympus Mons (the tallest known volcano in the Solar System at 21.9 km height), and dried-up river channels indicating past liquid water."
Q42,Out_Of_Corpus,What is the title of the song by Elvis Presley included on the James Webb Space Telescope optical disk?,I do not have enough information in the provided context to answer this question.,False,none,The song 'Can't Help Falling in Love' was laser-etched onto the gold-beryllium calibration disk.,Incorrect,0.0,0.0,1,0.08,0.05,I do not have enough information in the provided context to answer this question.,Correct,1.0,1.0,0,1.0,3,0.3605,16.71,"[1] (spitzer_space_telescope.txt)
# Spitzer Space Telescope
The Spitzer Space Telescope was an infrared space observatory launched by NASA on August 25, 2003, aboard a Delta II rocket. It was the final mission of NASA's Great Observatories program (alongside Hubble, Compton Gamma Ray Observatory, and Chandra).

[2] (james_webb_space_telescope.txt)
# James Webb Space Telescope (JWST)
The James Webb Space Telescope is a space telescope designed primarily to conduct infrared astronomy. High-resolution and high-sensitivity instruments allow it to view objects too old, distant, or faint for the Hubble Space Telescope.
JWST was launched on December 25, 2021, on an Ariane 5 rocket from Kourou, French Guiana, and arrived at the Sun-Earth L2 Lagrange point in January 2022, approximately 1.5 million kilometers (930,000 miles) from Earth.

[3] (lucy_trojan_asteroids.txt)
# Lucy Mission to the Trojan Asteroids
Lucy is a NASA space probe launched on October 16, 2021, aboard an Atlas V rocket. It is the first space mission designed to explore the Jupiter Trojan asteroids—swarms of primitive planetesimals trapped in Jupiter's L4 and L5 Lagrange points.
Lucy's 12-year primary mission includes flybys of two main-belt asteroids (Dinkinesh in November 2023 and Donaldjohanson in April 2025) and eight Trojan asteroids (Eurybates, Polymele, Leucus, Orus, Patroclus, and Menoetius, plus discovered satellites).",abstained,0,0,0.0,I do not have enough information in the provided context to answer this question.,Correct,1.0,1.0,0,1.0,5,0.3605,16.22,"[1] (spitzer_space_telescope.txt)
# Spitzer Space Telescope
The Spitzer Space Telescope was an infrared space observatory launched by NASA on August 25, 2003, aboard a Delta II rocket. It was the final mission of NASA's Great Observatories program (alongside Hubble, Compton Gamma Ray Observatory, and Chandra).

[2] (james_webb_space_telescope.txt)
# James Webb Space Telescope (JWST)
The James Webb Space Telescope is a space telescope designed primarily to conduct infrared astronomy. High-resolution and high-sensitivity instruments allow it to view objects too old, distant, or faint for the Hubble Space Telescope.
JWST was launched on December 25, 2021, on an Ariane 5 rocket from Kourou, French Guiana, and arrived at the Sun-Earth L2 Lagrange point in January 2022, approximately 1.5 million kilometers (930,000 miles) from Earth.

[3] (lucy_trojan_asteroids.txt)
# Lucy Mission to the Trojan Asteroids
Lucy is a NASA space probe launched on October 16, 2021, aboard an Atlas V rocket. It is the first space mission designed to explore the Jupiter Trojan asteroids—swarms of primitive planetesimals trapped in Jupiter's L4 and L5 Lagrange points.
Lucy's 12-year primary mission includes flybys of two main-belt asteroids (Dinkinesh in November 2023 and Donaldjohanson in April 2025) and eight Trojan asteroids (Eurybates, Polymele, Leucus, Orus, Patroclus, and Menoetius, plus discovered satellites).

[4] (voyager_1_probe.txt)
overing active volcanoes on Jupiter's moon Io and intricate structures in Saturn's rings.
Voyager 1 crossed the heliopause and entered interstellar space on August 25, 2012. It carries the Golden Record, a 12-inch gold-plated copper disk containing sounds and images selected to portray the diversity of life and culture on Earth. Its primary electrical power is supplied by three radioisotope thermoelectric generators (RTGs) fueled by plutonium-238.

[5] (kepler_space_telescope.txt)
# Kepler Space Telescope and Exoplanet Discovery
The Kepler Space Telescope was a NASA space observatory launched on March 7, 2009, to survey a portion of the Milky Way galaxy for Earth-sized exoplanets in or near habitable zones.
Kepler utilized the transit method, monitoring the brightness of more than 150,000 main-sequence stars simultaneously to detect periodic dips caused by transiting planets.",The song 'Can't Help Falling in Love' was laser-etched onto the gold-beryllium calibration disk.,Incorrect,0.0,0.0,1,0.08,3,0.3605,19.36,"[1] (spitzer_space_telescope.txt)
# Spitzer Space Telescope
The Spitzer Space Telescope was an infrared space observatory launched by NASA on August 25, 2003, aboard a Delta II rocket. It was the final mission of NASA's Great Observatories program (alongside Hubble, Compton Gamma Ray Observatory, and Chandra).

[2] (james_webb_space_telescope.txt)
# James Webb Space Telescope (JWST)
The James Webb Space Telescope is a space telescope designed primarily to conduct infrared astronomy. High-resolution and high-sensitivity instruments allow it to view objects too old, distant, or faint for the Hubble Space Telescope.
JWST was launched on December 25, 2021, on an Ariane 5 rocket from Kourou, French Guiana, and arrived at the Sun-Earth L2 Lagrange point in January 2022, approximately 1.5 million kilometers (930,000 miles) from Earth.

[3] (lucy_trojan_asteroids.txt)
# Lucy Mission to the Trojan Asteroids
Lucy is a NASA space probe launched on October 16, 2021, aboard an Atlas V rocket. It is the first space mission designed to explore the Jupiter Trojan asteroids—swarms of primitive planetesimals trapped in Jupiter's L4 and L5 Lagrange points.
Lucy's 12-year primary mission includes flybys of two main-belt asteroids (Dinkinesh in November 2023 and Donaldjohanson in April 2025) and eight Trojan asteroids (Eurybates, Polymele, Leucus, Orus, Patroclus, and Menoetius, plus discovered satellites)."
Q43,Out_Of_Corpus,How many kilograms of liquid nitrogen were delivered to the ISS by the Apollo 13 crew?,I do not have enough information in the provided context to answer this question.,False,none,Apollo 13 delivered 450 kilograms of liquid coolant to the station before orbital transfer.,Incorrect,0.0,0.0,1,0.0769,0.09,I do not have enough information in the provided context to answer this question.,Correct,1.0,1.0,0,1.0,3,0.4087,17.42,"[1] (apollo_11_mission.txt)
spent about two hours and 15 minutes together outside the spacecraft in Tranquility Base.
The Command Module Columbia was piloted by Michael Collins in lunar orbit. Armstrong and Aldrin collected 47.5 pounds (21.5 kg) of lunar material to bring back to Earth. The mission was launched by a Saturn V rocket from Kennedy Space Center on Merritt Island, Florida, on July 16 at 13:32 UTC. The spacecraft returned to Earth and splashed down in the Pacific Ocean on July 24, 1969, after 8 days, 3 hours, 18 minutes, and 35 seconds of flight.

[2] (hayabusa2_ryugu.txt)
euvers, including one using a kinetic tantalum projectile to expose sub-surface material.
On December 5, 2020, Hayabusa2 returned a capsule containing 5.4 grams of Ryugu samples to Woomera, Australia. Laboratory examination revealed uracil (one of the four nucleobases in RNA), vitamin B3 (niacin), and 20 different amino acids, supporting the hypothesis that prebiotic compounds were delivered to early Earth via carbonaceous asteroids.

[3] (curiosity_rover_mars.txt)
.
Curiosity weighs 899 kg (1,982 lb) and is powered by a Multi-Mission Radioisotope Thermoelectric Generator (MMRTG) using plutonium-238 dioxide. Key instruments include the ChemCam laser spectrometer, the Sample Analysis at Mars (SAM) instrument suite, the Mastcam stereo cameras, and the Alpha Particle X-Ray Spectrometer (APXS). In 2013, Curiosity discovered evidence of an ancient freshwater lake inside Gale Crater that contained all the basic chemical ingredients essential for life (carbon, hydrogen, oxygen, nitrogen, phosphorus, and sulfur).",abstained,0,0,0.0,I do not have enough information in the provided context to answer this question.,Correct,1.0,1.0,0,1.0,5,0.4087,21.4,"[1] (apollo_11_mission.txt)
spent about two hours and 15 minutes together outside the spacecraft in Tranquility Base.
The Command Module Columbia was piloted by Michael Collins in lunar orbit. Armstrong and Aldrin collected 47.5 pounds (21.5 kg) of lunar material to bring back to Earth. The mission was launched by a Saturn V rocket from Kennedy Space Center on Merritt Island, Florida, on July 16 at 13:32 UTC. The spacecraft returned to Earth and splashed down in the Pacific Ocean on July 24, 1969, after 8 days, 3 hours, 18 minutes, and 35 seconds of flight.

[2] (hayabusa2_ryugu.txt)
euvers, including one using a kinetic tantalum projectile to expose sub-surface material.
On December 5, 2020, Hayabusa2 returned a capsule containing 5.4 grams of Ryugu samples to Woomera, Australia. Laboratory examination revealed uracil (one of the four nucleobases in RNA), vitamin B3 (niacin), and 20 different amino acids, supporting the hypothesis that prebiotic compounds were delivered to early Earth via carbonaceous asteroids.

[3] (curiosity_rover_mars.txt)
.
Curiosity weighs 899 kg (1,982 lb) and is powered by a Multi-Mission Radioisotope Thermoelectric Generator (MMRTG) using plutonium-238 dioxide. Key instruments include the ChemCam laser spectrometer, the Sample Analysis at Mars (SAM) instrument suite, the Mastcam stereo cameras, and the Alpha Particle X-Ray Spectrometer (APXS). In 2013, Curiosity discovered evidence of an ancient freshwater lake inside Gale Crater that contained all the basic chemical ingredients essential for life (carbon, hydrogen, oxygen, nitrogen, phosphorus, and sulfur).

[4] (cassini_huygens_saturn.txt)
ry 14, 2005. Huygens became the first human-made probe to land in the outer Solar System.
Cassini discovered geysers of water ice and organic molecules erupting from the south polar fractures of Enceladus, confirming a subsurface liquid ocean. On September 15, 2017, Cassini concluded its 13-year orbital mission with a planned destructive dive into Saturn's atmosphere ('The Grand Finale') to avoid potential biological contamination of Enceladus and Titan.

[5] (apollo_11_mission.txt)
# Apollo 11 Mission Overview
Apollo 11 was the American spaceflight that first landed humans on the Moon. Commander Neil Armstrong and Lunar Module Pilot Buzz Aldrin landed the Apollo Lunar Module Eagle on July 20, 1969, at 20:17 UTC. Neil Armstrong became the first person to step onto the lunar surface six hours and 39 minutes later, on July 21 at 02:56 UTC. Aldrin joined him 19 minutes later. They spent about two hours and 15 minutes together outside the spacecraft in Tranquility Base.",Apollo 13 delivered 450 kilograms of liquid coolant to the station before orbital transfer.,Incorrect,0.0,0.0,1,0.0769,3,0.4087,17.7,"[1] (apollo_11_mission.txt)
spent about two hours and 15 minutes together outside the spacecraft in Tranquility Base.
The Command Module Columbia was piloted by Michael Collins in lunar orbit. Armstrong and Aldrin collected 47.5 pounds (21.5 kg) of lunar material to bring back to Earth. The mission was launched by a Saturn V rocket from Kennedy Space Center on Merritt Island, Florida, on July 16 at 13:32 UTC. The spacecraft returned to Earth and splashed down in the Pacific Ocean on July 24, 1969, after 8 days, 3 hours, 18 minutes, and 35 seconds of flight.

[2] (hayabusa2_ryugu.txt)
euvers, including one using a kinetic tantalum projectile to expose sub-surface material.
On December 5, 2020, Hayabusa2 returned a capsule containing 5.4 grams of Ryugu samples to Woomera, Australia. Laboratory examination revealed uracil (one of the four nucleobases in RNA), vitamin B3 (niacin), and 20 different amino acids, supporting the hypothesis that prebiotic compounds were delivered to early Earth via carbonaceous asteroids.

[3] (curiosity_rover_mars.txt)
.
Curiosity weighs 899 kg (1,982 lb) and is powered by a Multi-Mission Radioisotope Thermoelectric Generator (MMRTG) using plutonium-238 dioxide. Key instruments include the ChemCam laser spectrometer, the Sample Analysis at Mars (SAM) instrument suite, the Mastcam stereo cameras, and the Alpha Particle X-Ray Spectrometer (APXS). In 2013, Curiosity discovered evidence of an ancient freshwater lake inside Gale Crater that contained all the basic chemical ingredients essential for life (carbon, hydrogen, oxygen, nitrogen, phosphorus, and sulfur)."
Q44,Out_Of_Corpus,What was the name of the pet dog sent aboard the New Horizons spacecraft to Pluto in 2006?,I do not have enough information in the provided context to answer this question (no animal was sent aboard New Horizons).,False,none,A miniature terrier named 'Laika II' was placed in a commemorative pressurized capsule aboard New Horizons in 2006.,Incorrect,0.0,0.0,1,0.2778,0.08,I do not have enough information in the provided context to answer this question.,Correct,1.0,1.0,0,1.0,3,0.6105,21.27,"[1] (new_horizons_pluto.txt)
craft to explore the dwarf planet and its moons (Charon, Styx, Nix, Kerberos, and Hydra).
It revealed Pluto's prominent heart-shaped nitrogen-ice plain, Tombaugh Regio, and towering water-ice mountains. On January 1, 2019, New Horizons flew past the Kuiper Belt object 486958 Arrokoth (initially nicknamed Ultima Thule), providing the first close-up images of a pristine contact binary planetesimal.

[2] (new_horizons_pluto.txt)
# New Horizons Pluto and Kuiper Belt Mission
New Horizons is an interplanetary space probe launched on January 19, 2006, by NASA aboard an Atlas V rocket. It reached the highest launch speed of any human-made object at the time, leaving Earth at 16.26 km/s (58,536 km/h).
On July 14, 2015, New Horizons flew 12,500 km (7,800 mi) above the surface of Pluto, making it the first spacecraft to explore the dwarf planet and its moons (Charon, Styx, Nix, Kerberos, and Hydra).

[3] (voyager_2_probe.txt)
ranus (closest approach January 24, 1986) and Neptune (closest approach August 25, 1989).
During its Uranus encounter, Voyager 2 discovered 10 new moons and two new rings. At Neptune, it discovered five moons, four rings, and Neptune's 'Great Dark Spot'. Voyager 2 crossed the heliopause into interstellar space on November 5, 2018, at a distance of 119.7 AU. Like its twin, it carries three radioisotope thermoelectric generators and the Voyager Golden Record.",abstained,0,0,0.0,I do not have enough information in the provided context to answer this question.,Correct,1.0,1.0,0,1.0,5,0.6105,21.21,"[1] (new_horizons_pluto.txt)
craft to explore the dwarf planet and its moons (Charon, Styx, Nix, Kerberos, and Hydra).
It revealed Pluto's prominent heart-shaped nitrogen-ice plain, Tombaugh Regio, and towering water-ice mountains. On January 1, 2019, New Horizons flew past the Kuiper Belt object 486958 Arrokoth (initially nicknamed Ultima Thule), providing the first close-up images of a pristine contact binary planetesimal.

[2] (new_horizons_pluto.txt)
# New Horizons Pluto and Kuiper Belt Mission
New Horizons is an interplanetary space probe launched on January 19, 2006, by NASA aboard an Atlas V rocket. It reached the highest launch speed of any human-made object at the time, leaving Earth at 16.26 km/s (58,536 km/h).
On July 14, 2015, New Horizons flew 12,500 km (7,800 mi) above the surface of Pluto, making it the first spacecraft to explore the dwarf planet and its moons (Charon, Styx, Nix, Kerberos, and Hydra).

[3] (voyager_2_probe.txt)
ranus (closest approach January 24, 1986) and Neptune (closest approach August 25, 1989).
During its Uranus encounter, Voyager 2 discovered 10 new moons and two new rings. At Neptune, it discovered five moons, four rings, and Neptune's 'Great Dark Spot'. Voyager 2 crossed the heliopause into interstellar space on November 5, 2018, at a distance of 119.7 AU. Like its twin, it carries three radioisotope thermoelectric generators and the Voyager Golden Record.

[4] (osiris_rex_bennu.txt)
And-Go (TAG) sample collection maneuver, gathering surface material using its TAGSAM arm.
On September 24, 2023, the sample capsule successfully landed at the Utah Test and Training Range, delivering 121.6 grams (4.29 oz) of pristine asteroid regolith—exceeding the mission goal of 60 grams. Analysis confirmed abundant carbon, hydrated clay minerals, and amino acid precursors. The main spacecraft was subsequently redirected to asteroid Apophis under the new name OSIRIS-APEX.

[5] (voyager_golden_record.txt)
# The Voyager Golden Record
The Voyager Golden Record is a phonograph record that was included aboard both Voyager 1 and Voyager 2 spacecraft launched in 1977. The records contain sounds and images selected to portray the diversity of life and culture on Earth, intended for any intelligent extraterrestrial life form that might find them.",A miniature terrier named 'Laika II' was placed in a commemorative pressurized capsule aboard New Horizons in 2006.,Incorrect,0.0,0.0,1,0.2778,3,0.6105,17.71,"[1] (new_horizons_pluto.txt)
craft to explore the dwarf planet and its moons (Charon, Styx, Nix, Kerberos, and Hydra).
It revealed Pluto's prominent heart-shaped nitrogen-ice plain, Tombaugh Regio, and towering water-ice mountains. On January 1, 2019, New Horizons flew past the Kuiper Belt object 486958 Arrokoth (initially nicknamed Ultima Thule), providing the first close-up images of a pristine contact binary planetesimal.

[2] (new_horizons_pluto.txt)
# New Horizons Pluto and Kuiper Belt Mission
New Horizons is an interplanetary space probe launched on January 19, 2006, by NASA aboard an Atlas V rocket. It reached the highest launch speed of any human-made object at the time, leaving Earth at 16.26 km/s (58,536 km/h).
On July 14, 2015, New Horizons flew 12,500 km (7,800 mi) above the surface of Pluto, making it the first spacecraft to explore the dwarf planet and its moons (Charon, Styx, Nix, Kerberos, and Hydra).

[3] (voyager_2_probe.txt)
ranus (closest approach January 24, 1986) and Neptune (closest approach August 25, 1989).
During its Uranus encounter, Voyager 2 discovered 10 new moons and two new rings. At Neptune, it discovered five moons, four rings, and Neptune's 'Great Dark Spot'. Voyager 2 crossed the heliopause into interstellar space on November 5, 2018, at a distance of 119.7 AU. Like its twin, it carries three radioisotope thermoelectric generators and the Voyager Golden Record."
Q45,Out_Of_Corpus,What was the retail price in USD of the tickets sold to tourists for the 1976 Viking 1 Mars flight?,I do not have enough information in the provided context to answer this question.,False,none,"Commercial tickets were sold by Pan American World Airways for $15,000 USD.",Incorrect,0.0,0.0,1,0.0,0.22,I do not have enough information in the provided context to answer this question.,Correct,1.0,1.0,0,1.0,3,0.4925,17.92,"[1] (viking_1_and_2_mars.txt)
# Viking 1 and Viking 2 Missions
NASA's Viking project consisted of two identical spacecraft, Viking 1 and Viking 2, each composed of an orbiter and a lander. Launched in August and September 1975, they arrived at Mars in the summer of 1976.
On July 20, 1976, Viking 1 Lander touched down at Chryse Planitia, becoming the first American spacecraft to land safely on Mars and operate successfully. Viking 2 Lander touched down at Utopia Planitia on September 3, 1976.

[2] (mangalyaan_mars_orbiter.txt)
SA, and ESA) and the first space agency in the world to reach Mars on its maiden attempt.
The spacecraft cost approximately $74 million USD (Rs 450 crore), making it one of the most cost-effective interplanetary missions ever executed. It carried five scientific payloads: Mars Colour Camera (MCC), Thermal Infrared Imaging Spectrometer (TIS), Methane Sensor for Mars (MSM), Lyman Alpha Photometer (LAP), and Mars Exospheric Neutral Composition Analyser (MENCA). Communications were lost in April 2022 after more than 7.5 years in orbit.

[3] (ingenuity_mars_helicopter.txt)
# Ingenuity Mars Helicopter
Ingenuity was a coaxial robotic helicopter that operated on Mars between February 2021 and January 2024. Delivered to Mars attached to the belly of the Perseverance rover, Ingenuity demonstrated the first powered, controlled aerodynamic flight on another planet.",abstained,0,0,0.0,I do not have enough information in the provided context to answer this question.,Correct,1.0,1.0,0,1.0,5,0.4925,17.73,"[1] (viking_1_and_2_mars.txt)
# Viking 1 and Viking 2 Missions
NASA's Viking project consisted of two identical spacecraft, Viking 1 and Viking 2, each composed of an orbiter and a lander. Launched in August and September 1975, they arrived at Mars in the summer of 1976.
On July 20, 1976, Viking 1 Lander touched down at Chryse Planitia, becoming the first American spacecraft to land safely on Mars and operate successfully. Viking 2 Lander touched down at Utopia Planitia on September 3, 1976.

[2] (mangalyaan_mars_orbiter.txt)
SA, and ESA) and the first space agency in the world to reach Mars on its maiden attempt.
The spacecraft cost approximately $74 million USD (Rs 450 crore), making it one of the most cost-effective interplanetary missions ever executed. It carried five scientific payloads: Mars Colour Camera (MCC), Thermal Infrared Imaging Spectrometer (TIS), Methane Sensor for Mars (MSM), Lyman Alpha Photometer (LAP), and Mars Exospheric Neutral Composition Analyser (MENCA). Communications were lost in April 2022 after more than 7.5 years in orbit.

[3] (ingenuity_mars_helicopter.txt)
# Ingenuity Mars Helicopter
Ingenuity was a coaxial robotic helicopter that operated on Mars between February 2021 and January 2024. Delivered to Mars attached to the belly of the Perseverance rover, Ingenuity demonstrated the first powered, controlled aerodynamic flight on another planet.

[4] (mars_pathfinder_sojourner.txt)
# Mars Pathfinder and Sojourner Rover
Mars Pathfinder was an American robotic spacecraft launched on December 4, 1996, that landed a base station with a lightweight rover on Mars's Ares Vallis on July 4, 1997.
The mission utilized an innovative direct atmospheric entry with parachutes and a cluster of 24 giant airbags to cushion touchdown.

[5] (viking_1_and_2_mars.txt)
erate successfully. Viking 2 Lander touched down at Utopia Planitia on September 3, 1976.
Each lander carried three biological experiments to test for metabolic activity: Pyrolytic Release, Labeled Release, and Gas Exchange. While the Labeled Release experiment gave a positive signal, the Gas Chromatograph-Mass Spectrometer (GCMS) found no organic compounds, leading scientists to attribute the reaction to non-biological soil oxidants (such as perchlorates).","Commercial tickets were sold by Pan American World Airways for $15,000 USD.",Incorrect,0.0,0.0,1,0.0,3,0.4925,15.98,"[1] (viking_1_and_2_mars.txt)
# Viking 1 and Viking 2 Missions
NASA's Viking project consisted of two identical spacecraft, Viking 1 and Viking 2, each composed of an orbiter and a lander. Launched in August and September 1975, they arrived at Mars in the summer of 1976.
On July 20, 1976, Viking 1 Lander touched down at Chryse Planitia, becoming the first American spacecraft to land safely on Mars and operate successfully. Viking 2 Lander touched down at Utopia Planitia on September 3, 1976.

[2] (mangalyaan_mars_orbiter.txt)
SA, and ESA) and the first space agency in the world to reach Mars on its maiden attempt.
The spacecraft cost approximately $74 million USD (Rs 450 crore), making it one of the most cost-effective interplanetary missions ever executed. It carried five scientific payloads: Mars Colour Camera (MCC), Thermal Infrared Imaging Spectrometer (TIS), Methane Sensor for Mars (MSM), Lyman Alpha Photometer (LAP), and Mars Exospheric Neutral Composition Analyser (MENCA). Communications were lost in April 2022 after more than 7.5 years in orbit.

[3] (ingenuity_mars_helicopter.txt)
# Ingenuity Mars Helicopter
Ingenuity was a coaxial robotic helicopter that operated on Mars between February 2021 and January 2024. Delivered to Mars attached to the belly of the Perseverance rover, Ingenuity demonstrated the first powered, controlled aerodynamic flight on another planet."
Q46,Adversarial_Misconception,Did the Viking biological experiments in 1976 definitively prove the existence of living microorganisms on Mars?,"No. Although the Labeled Release experiment gave a positive signal, the GCMS found no organic compounds, and scientists attributed the reaction to non-biological soil oxidants like perchlorates.",True,viking_1_and_2_mars,"Yes, the Viking 1 and 2 landers confirmed life on Mars in 1976 when the Labeled Release experiment detected metabolic respiration in Martian soil.",Incorrect,0.0,0.0,1,0.2222,0.05,"No, the Viking experiments did not definitively prove life. While the Labeled Release experiment gave a positive signal, the GCMS found no organic compounds, and scientists attributed the reaction to non-biological soil oxidants like perchlorates.",Correct,1.0,1.0,0,0.8302,3,0.5645,17.82,"[1] (viking_1_and_2_mars.txt)
erate successfully. Viking 2 Lander touched down at Utopia Planitia on September 3, 1976.
Each lander carried three biological experiments to test for metabolic activity: Pyrolytic Release, Labeled Release, and Gas Exchange. While the Labeled Release experiment gave a positive signal, the Gas Chromatograph-Mass Spectrometer (GCMS) found no organic compounds, leading scientists to attribute the reaction to non-biological soil oxidants (such as perchlorates).

[2] (viking_1_and_2_mars.txt)
# Viking 1 and Viking 2 Missions
NASA's Viking project consisted of two identical spacecraft, Viking 1 and Viking 2, each composed of an orbiter and a lander. Launched in August and September 1975, they arrived at Mars in the summer of 1976.
On July 20, 1976, Viking 1 Lander touched down at Chryse Planitia, becoming the first American spacecraft to land safely on Mars and operate successfully. Viking 2 Lander touched down at Utopia Planitia on September 3, 1976.

[3] (curiosity_rover_mars.txt)
# Mars Science Laboratory (Curiosity Rover)
The Curiosity rover, part of NASA's Mars Science Laboratory (MSL) mission, landed in Gale Crater on Mars on August 6, 2012. The rover's primary mission was to investigate the Martian climate and geology, and to assess whether the Gale Crater area ever had an environment capable of supporting microbial life.",unsupported,1,1,50.0,"No, the Viking experiments did not definitively prove life. While the Labeled Release experiment gave a positive signal, the GCMS found no organic compounds, and scientists attributed the reaction to non-biological soil oxidants like perchlorates.",Correct,1.0,1.0,0,0.8302,5,0.5645,21.59,"[1] (viking_1_and_2_mars.txt)
erate successfully. Viking 2 Lander touched down at Utopia Planitia on September 3, 1976.
Each lander carried three biological experiments to test for metabolic activity: Pyrolytic Release, Labeled Release, and Gas Exchange. While the Labeled Release experiment gave a positive signal, the Gas Chromatograph-Mass Spectrometer (GCMS) found no organic compounds, leading scientists to attribute the reaction to non-biological soil oxidants (such as perchlorates).

[2] (viking_1_and_2_mars.txt)
# Viking 1 and Viking 2 Missions
NASA's Viking project consisted of two identical spacecraft, Viking 1 and Viking 2, each composed of an orbiter and a lander. Launched in August and September 1975, they arrived at Mars in the summer of 1976.
On July 20, 1976, Viking 1 Lander touched down at Chryse Planitia, becoming the first American spacecraft to land safely on Mars and operate successfully. Viking 2 Lander touched down at Utopia Planitia on September 3, 1976.

[3] (curiosity_rover_mars.txt)
# Mars Science Laboratory (Curiosity Rover)
The Curiosity rover, part of NASA's Mars Science Laboratory (MSL) mission, landed in Gale Crater on Mars on August 6, 2012. The rover's primary mission was to investigate the Martian climate and geology, and to assess whether the Gale Crater area ever had an environment capable of supporting microbial life.

[4] (mariner_4_mars.txt)
# Mariner 4 Mars Flyby
Mariner 4 was the fourth in a series of spacecraft used for planetary exploration in the flyby mode, launched by NASA on November 28, 1964, aboard an Atlas-Agena D rocket.
On July 14 and 15, 1965, Mariner 4 performed the first successful flyby of Mars, passing within 9,846 kilometers (6,118 mi) of the Martian surface. It returned 22 close-up television pictures covering about 1% of Mars's surface.

[5] (perseverance_rover_mars.txt)
# Mars 2020 Perseverance Rover
Perseverance is a car-sized Mars rover designed to explore Jezero crater on Mars as part of NASA's Mars 2020 mission. It was manufactured by the Jet Propulsion Laboratory and launched on July 30, 2020. Perseverance landed successfully on Mars on February 18, 2021.
The rover carries seven primary scientific instruments, including SuperCam, PIXL, SHERLOC, and the MOXIE experiment, which demonstrated the production of breathable oxygen from Martian carbon dioxide on April 20, 2021.","No, the Viking experiments did not definitively prove life. While the Labeled Release experiment gave a positive signal, the GCMS found no organic compounds, and scientists attributed the reaction to non-biological soil oxidants like perchlorates.",Correct,1.0,1.0,0,0.8302,3,0.5645,17.54,"[1] (viking_1_and_2_mars.txt)
erate successfully. Viking 2 Lander touched down at Utopia Planitia on September 3, 1976.
Each lander carried three biological experiments to test for metabolic activity: Pyrolytic Release, Labeled Release, and Gas Exchange. While the Labeled Release experiment gave a positive signal, the Gas Chromatograph-Mass Spectrometer (GCMS) found no organic compounds, leading scientists to attribute the reaction to non-biological soil oxidants (such as perchlorates).

[2] (viking_1_and_2_mars.txt)
# Viking 1 and Viking 2 Missions
NASA's Viking project consisted of two identical spacecraft, Viking 1 and Viking 2, each composed of an orbiter and a lander. Launched in August and September 1975, they arrived at Mars in the summer of 1976.
On July 20, 1976, Viking 1 Lander touched down at Chryse Planitia, becoming the first American spacecraft to land safely on Mars and operate successfully. Viking 2 Lander touched down at Utopia Planitia on September 3, 1976.

[3] (curiosity_rover_mars.txt)
# Mars Science Laboratory (Curiosity Rover)
The Curiosity rover, part of NASA's Mars Science Laboratory (MSL) mission, landed in Gale Crater on Mars on August 6, 2012. The rover's primary mission was to investigate the Martian climate and geology, and to assess whether the Gale Crater area ever had an environment capable of supporting microbial life."
Q47,Adversarial_Misconception,Was Neil Armstrong the only astronaut who walked on the Moon during the Apollo 11 mission?,"No. Buzz Aldrin also walked on the Moon with Armstrong, spending about two hours and 15 minutes outside.",True,apollo_11_mission,Neil Armstrong was the sole astronaut who walked on the lunar surface during Apollo 11 while Buzz Aldrin remained inside the Lunar Module.,Incorrect,0.0,0.0,1,0.2703,0.25,"No. Buzz Aldrin also walked on the Moon during Apollo 11, stepping onto the surface 19 minutes after Armstrong. They spent about 2 hours and 15 minutes together outside in Tranquility Base.",Correct,1.0,1.0,0,0.5957,3,0.6464,17.33,"[1] (apollo_11_mission.txt)
# Apollo 11 Mission Overview
Apollo 11 was the American spaceflight that first landed humans on the Moon. Commander Neil Armstrong and Lunar Module Pilot Buzz Aldrin landed the Apollo Lunar Module Eagle on July 20, 1969, at 20:17 UTC. Neil Armstrong became the first person to step onto the lunar surface six hours and 39 minutes later, on July 21 at 02:56 UTC. Aldrin joined him 19 minutes later. They spent about two hours and 15 minutes together outside the spacecraft in Tranquility Base.

[2] (apollo_11_mission.txt)
spent about two hours and 15 minutes together outside the spacecraft in Tranquility Base.
The Command Module Columbia was piloted by Michael Collins in lunar orbit. Armstrong and Aldrin collected 47.5 pounds (21.5 kg) of lunar material to bring back to Earth. The mission was launched by a Saturn V rocket from Kennedy Space Center on Merritt Island, Florida, on July 16 at 13:32 UTC. The spacecraft returned to Earth and splashed down in the Pacific Ocean on July 24, 1969, after 8 days, 3 hours, 18 minutes, and 35 seconds of flight.

[3] (pioneer_10_and_11.txt)
# Pioneer 10 and Pioneer 11 Missions
Pioneer 10 and Pioneer 11 were NASA space probes launched in March 1972 and April 1973, respectively, to conduct initial reconnaissance of the asteroid belt and outer planets.
Pioneer 10 was the first spacecraft to traverse the asteroid belt and make direct observations of Jupiter (closest approach December 4, 1973). It was the first human-made object to achieve escape velocity from the Solar System.",unsupported,1,1,33.3,"No. Buzz Aldrin also walked on the Moon during Apollo 11, stepping onto the surface 19 minutes after Armstrong. They spent about 2 hours and 15 minutes together outside in Tranquility Base.",Correct,1.0,1.0,0,0.5957,5,0.6464,17.69,"[1] (apollo_11_mission.txt)
# Apollo 11 Mission Overview
Apollo 11 was the American spaceflight that first landed humans on the Moon. Commander Neil Armstrong and Lunar Module Pilot Buzz Aldrin landed the Apollo Lunar Module Eagle on July 20, 1969, at 20:17 UTC. Neil Armstrong became the first person to step onto the lunar surface six hours and 39 minutes later, on July 21 at 02:56 UTC. Aldrin joined him 19 minutes later. They spent about two hours and 15 minutes together outside the spacecraft in Tranquility Base.

[2] (apollo_11_mission.txt)
spent about two hours and 15 minutes together outside the spacecraft in Tranquility Base.
The Command Module Columbia was piloted by Michael Collins in lunar orbit. Armstrong and Aldrin collected 47.5 pounds (21.5 kg) of lunar material to bring back to Earth. The mission was launched by a Saturn V rocket from Kennedy Space Center on Merritt Island, Florida, on July 16 at 13:32 UTC. The spacecraft returned to Earth and splashed down in the Pacific Ocean on July 24, 1969, after 8 days, 3 hours, 18 minutes, and 35 seconds of flight.

[3] (pioneer_10_and_11.txt)
# Pioneer 10 and Pioneer 11 Missions
Pioneer 10 and Pioneer 11 were NASA space probes launched in March 1972 and April 1973, respectively, to conduct initial reconnaissance of the asteroid belt and outer planets.
Pioneer 10 was the first spacecraft to traverse the asteroid belt and make direct observations of Jupiter (closest approach December 4, 1973). It was the first human-made object to achieve escape velocity from the Solar System.

[4] (galileo_jupiter_mission.txt)
km into Jupiter's atmosphere, measuring extreme winds of 600 km/h and intense lightning.
During its eight-year orbital mission, Galileo provided evidence of a subsurface liquid water ocean on Europa, detected a magnetic field generated by Ganymede (the only moon known to have one), and observed volcanic eruptions on Io. The mission was deliberately ended on September 21, 2003, by plunging Galileo into Jupiter's dense atmosphere to protect Europa from potential terrestrial microbes.

[5] (pioneer_10_and_11.txt)
73). It was the first human-made object to achieve escape velocity from the Solar System.
Pioneer 11 flew by Jupiter in December 1974, using a gravitational assist to become the first spacecraft to visit Saturn in September 1979, discovering Saturn's narrow F-ring. Both probes carried the Pioneer Plaque, an engraved gold-anodized aluminum plate designed by Carl Sagan and Frank Drake featuring line drawings of a human male and female, the Sun's position relative to 14 pulsars, and the Solar System.","No. Buzz Aldrin also walked on the Moon during Apollo 11, stepping onto the surface 19 minutes after Armstrong. They spent about 2 hours and 15 minutes together outside in Tranquility Base.",Correct,1.0,1.0,0,0.5957,3,0.6464,15.58,"[1] (apollo_11_mission.txt)
# Apollo 11 Mission Overview
Apollo 11 was the American spaceflight that first landed humans on the Moon. Commander Neil Armstrong and Lunar Module Pilot Buzz Aldrin landed the Apollo Lunar Module Eagle on July 20, 1969, at 20:17 UTC. Neil Armstrong became the first person to step onto the lunar surface six hours and 39 minutes later, on July 21 at 02:56 UTC. Aldrin joined him 19 minutes later. They spent about two hours and 15 minutes together outside the spacecraft in Tranquility Base.

[2] (apollo_11_mission.txt)
spent about two hours and 15 minutes together outside the spacecraft in Tranquility Base.
The Command Module Columbia was piloted by Michael Collins in lunar orbit. Armstrong and Aldrin collected 47.5 pounds (21.5 kg) of lunar material to bring back to Earth. The mission was launched by a Saturn V rocket from Kennedy Space Center on Merritt Island, Florida, on July 16 at 13:32 UTC. The spacecraft returned to Earth and splashed down in the Pacific Ocean on July 24, 1969, after 8 days, 3 hours, 18 minutes, and 35 seconds of flight.

[3] (pioneer_10_and_11.txt)
# Pioneer 10 and Pioneer 11 Missions
Pioneer 10 and Pioneer 11 were NASA space probes launched in March 1972 and April 1973, respectively, to conduct initial reconnaissance of the asteroid belt and outer planets.
Pioneer 10 was the first spacecraft to traverse the asteroid belt and make direct observations of Jupiter (closest approach December 4, 1973). It was the first human-made object to achieve escape velocity from the Solar System."
Q48,Adversarial_Misconception,Did the Hubble Space Telescope travel to the Moon or Mars to take its deep space photos?,"No. Hubble operates in low Earth orbit around Earth, outside atmospheric distortion.",True,hubble_space_telescope,Hubble was launched to a high lunar orbit to capture unobstructed pictures of deep space.,Incorrect,0.0,0.0,1,0.1538,0.06,I do not have enough information in the provided context to answer this question.,Incorrect,0.0,1.0,0,0.08,3,0.5823,18.41,"[1] (hubble_space_telescope.txt)
# Hubble Space Telescope (HST)
The Hubble Space Telescope was launched into low Earth orbit on April 24, 1990, aboard Space Shuttle Discovery (STS-31) and remains in operation. Hubble's orbit outside the distortion of Earth's atmosphere allows it to capture extremely high-resolution images with substantially lower background light than ground-based telescopes.

[2] (hubble_deep_field.txt)
# Hubble Deep Field and Cosmic Expansion
The Hubble Deep Field (HDF) was a landmark astronomical observation conducted by the Hubble Space Telescope in December 1995. Over 10 consecutive days and 342 individual exposures, Hubble pointed at a tiny, seemingly empty speck of sky in the constellation Ursa Major.
The resulting composite image revealed nearly 3,000 previously unseen distant galaxies stretching back across billions of light-years of cosmic time.

[3] (hubble_space_telescope.txt)
ound light than ground-based telescopes.
Hubble has a 2.4-meter (7.9 ft) primary mirror, and its four main instruments observe in the ultraviolet, visible, and near-infrared regions of the electromagnetic spectrum. Shortly after launch, scientists discovered a spherical aberration in the primary mirror due to flawed manufacturing. In December 1993, the STS-61 servicing mission installed corrective optics (COSTAR) and the WFPC2 camera, restoring the telescope to its intended optical capability. Hubble has completed over 1.5 million observations.",abstained,0,0,0.0,"No, Hubble did not travel to the Moon or Mars. It operates in low Earth orbit, where it observes the universe from outside Earth's atmosphere.",Correct,1.0,1.0,0,0.4571,5,0.5823,18.1,"[1] (hubble_space_telescope.txt)
# Hubble Space Telescope (HST)
The Hubble Space Telescope was launched into low Earth orbit on April 24, 1990, aboard Space Shuttle Discovery (STS-31) and remains in operation. Hubble's orbit outside the distortion of Earth's atmosphere allows it to capture extremely high-resolution images with substantially lower background light than ground-based telescopes.

[2] (hubble_deep_field.txt)
# Hubble Deep Field and Cosmic Expansion
The Hubble Deep Field (HDF) was a landmark astronomical observation conducted by the Hubble Space Telescope in December 1995. Over 10 consecutive days and 342 individual exposures, Hubble pointed at a tiny, seemingly empty speck of sky in the constellation Ursa Major.
The resulting composite image revealed nearly 3,000 previously unseen distant galaxies stretching back across billions of light-years of cosmic time.

[3] (hubble_space_telescope.txt)
ound light than ground-based telescopes.
Hubble has a 2.4-meter (7.9 ft) primary mirror, and its four main instruments observe in the ultraviolet, visible, and near-infrared regions of the electromagnetic spectrum. Shortly after launch, scientists discovered a spherical aberration in the primary mirror due to flawed manufacturing. In December 1993, the STS-61 servicing mission installed corrective optics (COSTAR) and the WFPC2 camera, restoring the telescope to its intended optical capability. Hubble has completed over 1.5 million observations.

[4] (spitzer_space_telescope.txt)
# Spitzer Space Telescope
The Spitzer Space Telescope was an infrared space observatory launched by NASA on August 25, 2003, aboard a Delta II rocket. It was the final mission of NASA's Great Observatories program (alongside Hubble, Compton Gamma Ray Observatory, and Chandra).

[5] (hubble_deep_field.txt)
ly unseen distant galaxies stretching back across billions of light-years of cosmic time.
Follow-up observations with the Hubble Ultra-Deep Field (2004) and eXtreme Deep Field (2012) captured galaxies formed less than 500 million years after the Big Bang. Hubble's precise measurements of Cepheid variable stars also played a key role in measuring the Hubble constant and discovering the accelerating expansion of the Universe in 1998.",Hubble was launched to a high lunar orbit to capture unobstructed pictures of deep space.,Incorrect,0.0,0.0,1,0.1538,3,0.5823,15.99,"[1] (hubble_space_telescope.txt)
# Hubble Space Telescope (HST)
The Hubble Space Telescope was launched into low Earth orbit on April 24, 1990, aboard Space Shuttle Discovery (STS-31) and remains in operation. Hubble's orbit outside the distortion of Earth's atmosphere allows it to capture extremely high-resolution images with substantially lower background light than ground-based telescopes.

[2] (hubble_deep_field.txt)
# Hubble Deep Field and Cosmic Expansion
The Hubble Deep Field (HDF) was a landmark astronomical observation conducted by the Hubble Space Telescope in December 1995. Over 10 consecutive days and 342 individual exposures, Hubble pointed at a tiny, seemingly empty speck of sky in the constellation Ursa Major.
The resulting composite image revealed nearly 3,000 previously unseen distant galaxies stretching back across billions of light-years of cosmic time.

[3] (hubble_space_telescope.txt)
ound light than ground-based telescopes.
Hubble has a 2.4-meter (7.9 ft) primary mirror, and its four main instruments observe in the ultraviolet, visible, and near-infrared regions of the electromagnetic spectrum. Shortly after launch, scientists discovered a spherical aberration in the primary mirror due to flawed manufacturing. In December 1993, the STS-61 servicing mission installed corrective optics (COSTAR) and the WFPC2 camera, restoring the telescope to its intended optical capability. Hubble has completed over 1.5 million observations."
Q49,Adversarial_Misconception,Was Voyager 1 the first spacecraft to visit both Uranus and Neptune?,No. Voyager 2 is the only spacecraft to have visited Uranus and Neptune. Voyager 1 only visited Jupiter and Saturn.,True,"voyager_1_probe, voyager_2_probe","Yes, Voyager 1 conducted the famous grand tour of the solar system, visiting Jupiter, Saturn, Uranus, and Neptune in the late 1970s and 1980s.",Incorrect,0.0,0.0,1,0.4,0.07,No. Voyager 2 is the only spacecraft to have visited Uranus and Neptune. Voyager 1 only visited Jupiter and Saturn.,Correct,1.0,1.0,0,1.0,3,0.7155,15.85,"[1] (voyager_2_probe.txt)
# Voyager 2 Grand Tour Mission
Voyager 2 is a space probe launched by NASA on August 20, 1977, to study the outer planets. It was launched before Voyager 1 on a trajectory that took longer to reach Jupiter and Saturn but enabled further encounters with Uranus and Neptune. Voyager 2 remains the only spacecraft to have visited either of the ice giant planets: Uranus (closest approach January 24, 1986) and Neptune (closest approach August 25, 1989).

[2] (voyager_2_probe.txt)
ranus (closest approach January 24, 1986) and Neptune (closest approach August 25, 1989).
During its Uranus encounter, Voyager 2 discovered 10 new moons and two new rings. At Neptune, it discovered five moons, four rings, and Neptune's 'Great Dark Spot'. Voyager 2 crossed the heliopause into interstellar space on November 5, 2018, at a distance of 119.7 AU. Like its twin, it carries three radioisotope thermoelectric generators and the Voyager Golden Record.

[3] (pioneer_10_and_11.txt)
73). It was the first human-made object to achieve escape velocity from the Solar System.
Pioneer 11 flew by Jupiter in December 1974, using a gravitational assist to become the first spacecraft to visit Saturn in September 1979, discovering Saturn's narrow F-ring. Both probes carried the Pioneer Plaque, an engraved gold-anodized aluminum plate designed by Carl Sagan and Frank Drake featuring line drawings of a human male and female, the Sun's position relative to 14 pulsars, and the Solar System.",uncertain,1,0,66.7,No. Voyager 2 is the only spacecraft to have visited Uranus and Neptune. Voyager 1 only visited Jupiter and Saturn.,Correct,1.0,1.0,0,1.0,5,0.7155,16.5,"[1] (voyager_2_probe.txt)
# Voyager 2 Grand Tour Mission
Voyager 2 is a space probe launched by NASA on August 20, 1977, to study the outer planets. It was launched before Voyager 1 on a trajectory that took longer to reach Jupiter and Saturn but enabled further encounters with Uranus and Neptune. Voyager 2 remains the only spacecraft to have visited either of the ice giant planets: Uranus (closest approach January 24, 1986) and Neptune (closest approach August 25, 1989).

[2] (voyager_2_probe.txt)
ranus (closest approach January 24, 1986) and Neptune (closest approach August 25, 1989).
During its Uranus encounter, Voyager 2 discovered 10 new moons and two new rings. At Neptune, it discovered five moons, four rings, and Neptune's 'Great Dark Spot'. Voyager 2 crossed the heliopause into interstellar space on November 5, 2018, at a distance of 119.7 AU. Like its twin, it carries three radioisotope thermoelectric generators and the Voyager Golden Record.

[3] (pioneer_10_and_11.txt)
73). It was the first human-made object to achieve escape velocity from the Solar System.
Pioneer 11 flew by Jupiter in December 1974, using a gravitational assist to become the first spacecraft to visit Saturn in September 1979, discovering Saturn's narrow F-ring. Both probes carried the Pioneer Plaque, an engraved gold-anodized aluminum plate designed by Carl Sagan and Frank Drake featuring line drawings of a human male and female, the Sun's position relative to 14 pulsars, and the Solar System.

[4] (voyager_1_probe.txt)
# Voyager 1 Deep Space Mission
Voyager 1 is a space probe launched by NASA on September 5, 1977, as part of the Voyager program to study the outer Solar System and interstellar space. Launched 16 days after its twin, Voyager 2, Voyager 1 communicated through NASA's Deep Space Network to transmit scientific data.

[5] (voyager_golden_record.txt)
# The Voyager Golden Record
The Voyager Golden Record is a phonograph record that was included aboard both Voyager 1 and Voyager 2 spacecraft launched in 1977. The records contain sounds and images selected to portray the diversity of life and culture on Earth, intended for any intelligent extraterrestrial life form that might find them.",No. Voyager 2 is the only spacecraft to have visited Uranus and Neptune. Voyager 1 only visited Jupiter and Saturn.,Correct,1.0,1.0,0,1.0,3,0.7155,16.43,"[1] (voyager_2_probe.txt)
# Voyager 2 Grand Tour Mission
Voyager 2 is a space probe launched by NASA on August 20, 1977, to study the outer planets. It was launched before Voyager 1 on a trajectory that took longer to reach Jupiter and Saturn but enabled further encounters with Uranus and Neptune. Voyager 2 remains the only spacecraft to have visited either of the ice giant planets: Uranus (closest approach January 24, 1986) and Neptune (closest approach August 25, 1989).

[2] (voyager_2_probe.txt)
ranus (closest approach January 24, 1986) and Neptune (closest approach August 25, 1989).
During its Uranus encounter, Voyager 2 discovered 10 new moons and two new rings. At Neptune, it discovered five moons, four rings, and Neptune's 'Great Dark Spot'. Voyager 2 crossed the heliopause into interstellar space on November 5, 2018, at a distance of 119.7 AU. Like its twin, it carries three radioisotope thermoelectric generators and the Voyager Golden Record.

[3] (pioneer_10_and_11.txt)
73). It was the first human-made object to achieve escape velocity from the Solar System.
Pioneer 11 flew by Jupiter in December 1974, using a gravitational assist to become the first spacecraft to visit Saturn in September 1979, discovering Saturn's narrow F-ring. Both probes carried the Pioneer Plaque, an engraved gold-anodized aluminum plate designed by Carl Sagan and Frank Drake featuring line drawings of a human male and female, the Sun's position relative to 14 pulsars, and the Solar System."
Q50,Adversarial_Misconception,Did the Parker Solar Probe land on the solid surface of the Sun?,No. The Sun has no solid surface; the probe flew through the solar corona (Alfven critical surface) protected by a heat shield.,True,parker_solar_probe,"Yes, the Parker Solar Probe executed a historic touchdown on the solar surface using a titanium-shielded lander.",Incorrect,0.0,0.0,1,0.1935,0.06,"No, the Sun does not have a solid surface. The Parker Solar Probe flew through the Sun's outer corona (the Alfven critical surface) protected by an 11.4 cm carbon-composite heat shield.",Correct,1.0,1.0,0,0.7442,3,0.6133,15.88,"[1] (parker_solar_probe.txt)
# Parker Solar Probe
The Parker Solar Probe is a NASA robotic spacecraft launched on August 12, 2018, to study the outer corona of the Sun. It was named in honor of astrophysicist Eugene Parker, who first theorized the existence of the solar wind in 1958.
The spacecraft is designed to plunge through the Sun's corona, coming within 6.2 million kilometers (3.83 million miles) of the solar surface at speeds reaching 690,000 km/h (430,000 mph)—making it the fastest human-made object in history.

[2] (cassini_huygens_saturn.txt)
ry 14, 2005. Huygens became the first human-made probe to land in the outer Solar System.
Cassini discovered geysers of water ice and organic molecules erupting from the south polar fractures of Enceladus, confirming a subsurface liquid ocean. On September 15, 2017, Cassini concluded its 13-year orbital mission with a planned destructive dive into Saturn's atmosphere ('The Grand Finale') to avoid potential biological contamination of Enceladus and Titan.

[3] (parker_solar_probe.txt)
s reaching 690,000 km/h (430,000 mph)—making it the fastest human-made object in history.
To survive temperatures up to 1,370 degrees Celsius (2,500 degrees Fahrenheit), the probe is protected by a 4.5-inch-thick (11.4 cm) carbon-composite heat shield coated with white ceramic paint. On April 28, 2021, the probe officially 'touched the Sun' by flying through the Alfven critical surface in the solar corona.",unsupported,0,1,50.0,"No, the Sun does not have a solid surface. The Parker Solar Probe flew through the Sun's outer corona (the Alfven critical surface) protected by an 11.4 cm carbon-composite heat shield.",Correct,1.0,1.0,0,0.7442,5,0.6133,17.2,"[1] (parker_solar_probe.txt)
# Parker Solar Probe
The Parker Solar Probe is a NASA robotic spacecraft launched on August 12, 2018, to study the outer corona of the Sun. It was named in honor of astrophysicist Eugene Parker, who first theorized the existence of the solar wind in 1958.
The spacecraft is designed to plunge through the Sun's corona, coming within 6.2 million kilometers (3.83 million miles) of the solar surface at speeds reaching 690,000 km/h (430,000 mph)—making it the fastest human-made object in history.

[2] (cassini_huygens_saturn.txt)
ry 14, 2005. Huygens became the first human-made probe to land in the outer Solar System.
Cassini discovered geysers of water ice and organic molecules erupting from the south polar fractures of Enceladus, confirming a subsurface liquid ocean. On September 15, 2017, Cassini concluded its 13-year orbital mission with a planned destructive dive into Saturn's atmosphere ('The Grand Finale') to avoid potential biological contamination of Enceladus and Titan.

[3] (parker_solar_probe.txt)
s reaching 690,000 km/h (430,000 mph)—making it the fastest human-made object in history.
To survive temperatures up to 1,370 degrees Celsius (2,500 degrees Fahrenheit), the probe is protected by a 4.5-inch-thick (11.4 cm) carbon-composite heat shield coated with white ceramic paint. On April 28, 2021, the probe officially 'touched the Sun' by flying through the Alfven critical surface in the solar corona.

[4] (juno_mission_jupiter.txt)
measure its gravitational and magnetic fields, and investigate its massive magnetosphere.
Juno is the first mission to Jupiter powered entirely by solar panels rather than RTGs, utilizing three enormous 9-meter solar arrays. Juno discovered that Jupiter possesses a dilute, 'fuzzy' core rather than a dense, solid rocky core, and that its atmospheric jet streams extend thousands of kilometers deep into the planet.

[5] (chandrayaan_1_mission.txt)
scientific instruments: five Indian and six from foreign agencies including NASA and ESA.
On November 14, 2008, the Moon Impact Probe (MIP) separated from the orbiter and struck the lunar south pole near Shackleton Crater. Data from the Moon Mineralogy Mapper (M3), a NASA-supplied imaging spectrometer on Chandrayaan-1, led to the historic confirmation of widespread water ice and hydroxyl molecules on the lunar surface.","No, the Sun does not have a solid surface. The Parker Solar Probe flew through the Sun's outer corona (the Alfven critical surface) protected by an 11.4 cm carbon-composite heat shield.",Correct,1.0,1.0,0,0.7442,3,0.6133,17.11,"[1] (parker_solar_probe.txt)
# Parker Solar Probe
The Parker Solar Probe is a NASA robotic spacecraft launched on August 12, 2018, to study the outer corona of the Sun. It was named in honor of astrophysicist Eugene Parker, who first theorized the existence of the solar wind in 1958.
The spacecraft is designed to plunge through the Sun's corona, coming within 6.2 million kilometers (3.83 million miles) of the solar surface at speeds reaching 690,000 km/h (430,000 mph)—making it the fastest human-made object in history.

[2] (cassini_huygens_saturn.txt)
ry 14, 2005. Huygens became the first human-made probe to land in the outer Solar System.
Cassini discovered geysers of water ice and organic molecules erupting from the south polar fractures of Enceladus, confirming a subsurface liquid ocean. On September 15, 2017, Cassini concluded its 13-year orbital mission with a planned destructive dive into Saturn's atmosphere ('The Grand Finale') to avoid potential biological contamination of Enceladus and Titan.

[3] (parker_solar_probe.txt)
s reaching 690,000 km/h (430,000 mph)—making it the fastest human-made object in history.
To survive temperatures up to 1,370 degrees Celsius (2,500 degrees Fahrenheit), the probe is protected by a 4.5-inch-thick (11.4 cm) carbon-composite heat shield coated with white ceramic paint. On April 28, 2021, the probe officially 'touched the Sun' by flying through the Alfven critical surface in the solar corona."
Q51,Adversarial_Misconception,Was the Chandrayaan-2 Vikram lander successful in executing a soft landing on the Moon in 2019?,"No. The Vikram lander crashed during descent due to a software glitch, though the Chandrayaan-2 orbiter remained successful.",True,chandrayaan_2_orbiter,"Yes, Chandrayaan-2 successfully landed the Vikram lander and Pragyan rover at the lunar south pole in September 2019.",Incorrect,0.0,0.0,1,0.1935,0.23,"No, the Chandrayaan-2 Vikram lander was not successful; it crashed during descent due to a software glitch, although the Chandrayaan-2 orbiter remains operational.",Correct,1.0,1.0,0,0.7429,3,0.7469,30.16,"[1] (chandrayaan_2_orbiter.txt)
# Chandrayaan-2 Mission and Orbiter
Chandrayaan-2 was India's second lunar exploration mission, launched on July 22, 2019, aboard a GSLV Mk III rocket from Sriharikota. The mission included an orbiter, the Vikram lander, and the Pragyan rover.
During the landing attempt on September 6, 2019, the Vikram lander deviated from its planned trajectory and crashed onto the lunar surface due to a software glitch during fine braking.

[2] (chandrayaan_3_mission.txt)
ntre, the mission aimed to demonstrate safe soft landing and roving on the lunar surface.
On August 23, 2023, at 18:04 IST (12:34 UTC), the Vikram lander successfully touched down near the lunar south polar region at 69.37 degrees South latitude and 32.35 degrees East longitude (named Shiv Shakti Point). This made India the first nation to land successfully in the lunar south polar area and the fourth nation overall to achieve a soft lunar landing.

[3] (chandrayaan_3_mission.txt)
# Chandrayaan-3 Historic Lunar Landing
Chandrayaan-3 was the third mission in the Chandrayaan programme developed by ISRO. Launched on July 14, 2023, aboard an LVM3-M4 rocket from Satish Dhawan Space Centre, the mission aimed to demonstrate safe soft landing and roving on the lunar surface.",unsupported,0,1,0.0,"No, the Chandrayaan-2 Vikram lander was not successful; it crashed during descent due to a software glitch, although the Chandrayaan-2 orbiter remains operational.",Correct,1.0,1.0,0,0.7429,5,0.7469,30.15,"[1] (chandrayaan_2_orbiter.txt)
# Chandrayaan-2 Mission and Orbiter
Chandrayaan-2 was India's second lunar exploration mission, launched on July 22, 2019, aboard a GSLV Mk III rocket from Sriharikota. The mission included an orbiter, the Vikram lander, and the Pragyan rover.
During the landing attempt on September 6, 2019, the Vikram lander deviated from its planned trajectory and crashed onto the lunar surface due to a software glitch during fine braking.

[2] (chandrayaan_3_mission.txt)
ntre, the mission aimed to demonstrate safe soft landing and roving on the lunar surface.
On August 23, 2023, at 18:04 IST (12:34 UTC), the Vikram lander successfully touched down near the lunar south polar region at 69.37 degrees South latitude and 32.35 degrees East longitude (named Shiv Shakti Point). This made India the first nation to land successfully in the lunar south polar area and the fourth nation overall to achieve a soft lunar landing.

[3] (chandrayaan_3_mission.txt)
# Chandrayaan-3 Historic Lunar Landing
Chandrayaan-3 was the third mission in the Chandrayaan programme developed by ISRO. Launched on July 14, 2023, aboard an LVM3-M4 rocket from Satish Dhawan Space Centre, the mission aimed to demonstrate safe soft landing and roving on the lunar surface.

[4] (slims_moon_sniper.txt)
# Smart Lander for Investigating Moon (SLIM)
SLIM ('Moon Sniper') was a precision lunar lander mission developed by the Japan Aerospace Exploration Agency (JAXA). Launched on September 6, 2023, aboard an H-IIA rocket alongside the XRISM telescope, SLIM aimed to achieve pinpoint landing accuracy within 100 meters.
On January 19, 2024, SLIM touched down near Shioli crater. Telemetry confirmed it landed just 55 meters from its target, achieving the most accurate extraterrestrial landing in history.

[5] (chandrayaan_3_mission.txt)
the lunar south polar area and the fourth nation overall to achieve a soft lunar landing.
The Pragyan rover was deployed shortly after landing and operated for one lunar day (approximately 14 Earth days), detecting sulfur, aluminum, calcium, iron, and titanium on the lunar surface using LIBS and APXS spectrometers.","No, the Chandrayaan-2 Vikram lander was not successful; it crashed during descent due to a software glitch, although the Chandrayaan-2 orbiter remains operational.",Correct,1.0,1.0,0,0.7429,3,0.7469,20.93,"[1] (chandrayaan_2_orbiter.txt)
# Chandrayaan-2 Mission and Orbiter
Chandrayaan-2 was India's second lunar exploration mission, launched on July 22, 2019, aboard a GSLV Mk III rocket from Sriharikota. The mission included an orbiter, the Vikram lander, and the Pragyan rover.
During the landing attempt on September 6, 2019, the Vikram lander deviated from its planned trajectory and crashed onto the lunar surface due to a software glitch during fine braking.

[2] (chandrayaan_3_mission.txt)
ntre, the mission aimed to demonstrate safe soft landing and roving on the lunar surface.
On August 23, 2023, at 18:04 IST (12:34 UTC), the Vikram lander successfully touched down near the lunar south polar region at 69.37 degrees South latitude and 32.35 degrees East longitude (named Shiv Shakti Point). This made India the first nation to land successfully in the lunar south polar area and the fourth nation overall to achieve a soft lunar landing.

[3] (chandrayaan_3_mission.txt)
# Chandrayaan-3 Historic Lunar Landing
Chandrayaan-3 was the third mission in the Chandrayaan programme developed by ISRO. Launched on July 14, 2023, aboard an LVM3-M4 rocket from Satish Dhawan Space Centre, the mission aimed to demonstrate safe soft landing and roving on the lunar surface."
Q52,Adversarial_Misconception,Did the DART spacecraft capture Dimorphos and bring it back into Earth orbit?,No. DART was a kinetic impactor that intentionally crashed into Dimorphos to alter its orbital period around Didymos.,True,dart_mission,"Yes, NASA's DART spacecraft captured asteroid Dimorphos using a robotic tether and maneuvered it toward Earth orbit.",Incorrect,0.0,0.0,1,0.1212,0.11,No. DART did not capture Dimorphos; it was a kinetic impactor that intentionally collided with Dimorphos at 6.6 km/s to shorten its orbital period around Didymos by 32 minutes.,Correct,1.0,1.0,0,0.6222,3,0.6529,26.36,"[1] (dart_mission.txt)
# DART Planetary Defense Mission
The Double Asteroid Redirection Test (DART) was a NASA planetary defense mission designed to test the kinetic impactor technique for deflecting a hazardous asteroid.
Launched on November 24, 2021, DART targeted Dimorphos, a 160-meter-wide asteroid moonlet orbiting the larger asteroid Didymos. On September 26, 2022, the 570-kg DART spacecraft intentionally impacted Dimorphos at a speed of approximately 6.6 km/s (24,000 km/h).

[2] (dart_mission.txt)
raft intentionally impacted Dimorphos at a speed of approximately 6.6 km/s (24,000 km/h).
Telescope observations confirmed that the impact shortened Dimorphos's 11-hour and 55-minute orbital period by 32 minutes—far exceeding NASA's minimum benchmark of 73 seconds. This was humanity's first successful demonstration of asteroid deflection technology. The Italian LICIACube cubesat trailed DART to photograph the impact plume.

[3] (galileo_jupiter_mission.txt)
# Galileo Spacecraft Mission to Jupiter
Galileo was an American robotic space probe launched on October 18, 1989, aboard Space Shuttle Atlantis (STS-34). It arrived at Jupiter on December 7, 1995, becoming the first spacecraft to orbit the gas giant.
Galileo released an atmospheric entry probe that descended 150 km into Jupiter's atmosphere, measuring extreme winds of 600 km/h and intense lightning.",unsupported,0,1,0.0,No. DART did not capture Dimorphos; it was a kinetic impactor that intentionally collided with Dimorphos at 6.6 km/s to shorten its orbital period around Didymos by 32 minutes.,Correct,1.0,1.0,0,0.6222,5,0.6529,21.66,"[1] (dart_mission.txt)
# DART Planetary Defense Mission
The Double Asteroid Redirection Test (DART) was a NASA planetary defense mission designed to test the kinetic impactor technique for deflecting a hazardous asteroid.
Launched on November 24, 2021, DART targeted Dimorphos, a 160-meter-wide asteroid moonlet orbiting the larger asteroid Didymos. On September 26, 2022, the 570-kg DART spacecraft intentionally impacted Dimorphos at a speed of approximately 6.6 km/s (24,000 km/h).

[2] (dart_mission.txt)
raft intentionally impacted Dimorphos at a speed of approximately 6.6 km/s (24,000 km/h).
Telescope observations confirmed that the impact shortened Dimorphos's 11-hour and 55-minute orbital period by 32 minutes—far exceeding NASA's minimum benchmark of 73 seconds. This was humanity's first successful demonstration of asteroid deflection technology. The Italian LICIACube cubesat trailed DART to photograph the impact plume.

[3] (galileo_jupiter_mission.txt)
# Galileo Spacecraft Mission to Jupiter
Galileo was an American robotic space probe launched on October 18, 1989, aboard Space Shuttle Atlantis (STS-34). It arrived at Jupiter on December 7, 1995, becoming the first spacecraft to orbit the gas giant.
Galileo released an atmospheric entry probe that descended 150 km into Jupiter's atmosphere, measuring extreme winds of 600 km/h and intense lightning.

[4] (hubble_space_telescope.txt)
# Hubble Space Telescope (HST)
The Hubble Space Telescope was launched into low Earth orbit on April 24, 1990, aboard Space Shuttle Discovery (STS-31) and remains in operation. Hubble's orbit outside the distortion of Earth's atmosphere allows it to capture extremely high-resolution images with substantially lower background light than ground-based telescopes.

[5] (mars_sample_return.txt)
e Mars Ascent Vehicle (MAV) rocket to launch the sealed sample container into Mars orbit.
3. The Earth Return Orbiter (ERO), developed by ESA, to rendezvous with the sample container in Martian orbit and fly it back to Earth.
Return capsules are designed to safely land in a designated military testing range to undergo ultra-high containment astrobiological testing.",No. DART did not capture Dimorphos; it was a kinetic impactor that intentionally collided with Dimorphos at 6.6 km/s to shorten its orbital period around Didymos by 32 minutes.,Correct,1.0,1.0,0,0.6222,3,0.6529,27.04,"[1] (dart_mission.txt)
# DART Planetary Defense Mission
The Double Asteroid Redirection Test (DART) was a NASA planetary defense mission designed to test the kinetic impactor technique for deflecting a hazardous asteroid.
Launched on November 24, 2021, DART targeted Dimorphos, a 160-meter-wide asteroid moonlet orbiting the larger asteroid Didymos. On September 26, 2022, the 570-kg DART spacecraft intentionally impacted Dimorphos at a speed of approximately 6.6 km/s (24,000 km/h).

[2] (dart_mission.txt)
raft intentionally impacted Dimorphos at a speed of approximately 6.6 km/s (24,000 km/h).
Telescope observations confirmed that the impact shortened Dimorphos's 11-hour and 55-minute orbital period by 32 minutes—far exceeding NASA's minimum benchmark of 73 seconds. This was humanity's first successful demonstration of asteroid deflection technology. The Italian LICIACube cubesat trailed DART to photograph the impact plume.

[3] (galileo_jupiter_mission.txt)
# Galileo Spacecraft Mission to Jupiter
Galileo was an American robotic space probe launched on October 18, 1989, aboard Space Shuttle Atlantis (STS-34). It arrived at Jupiter on December 7, 1995, becoming the first spacecraft to orbit the gas giant.
Galileo released an atmospheric entry probe that descended 150 km into Jupiter's atmosphere, measuring extreme winds of 600 km/h and intense lightning."
Q53,Adversarial_Misconception,Did the New Horizons mission land on the surface of Pluto to collect soil samples?,"No. New Horizons was a flyby mission that flew 12,500 km above Pluto's surface without landing.",True,new_horizons_pluto,"Yes, New Horizons made a historic touchdown on Pluto's Tombaugh Regio to gather pristine nitrogen ice samples.",Incorrect,0.0,0.0,1,0.1935,0.15,"No. New Horizons was a flyby mission that flew 12,500 km above Pluto's surface without landing.",Correct,1.0,1.0,0,1.0,3,0.6188,17.45,"[1] (new_horizons_pluto.txt)
craft to explore the dwarf planet and its moons (Charon, Styx, Nix, Kerberos, and Hydra).
It revealed Pluto's prominent heart-shaped nitrogen-ice plain, Tombaugh Regio, and towering water-ice mountains. On January 1, 2019, New Horizons flew past the Kuiper Belt object 486958 Arrokoth (initially nicknamed Ultima Thule), providing the first close-up images of a pristine contact binary planetesimal.

[2] (new_horizons_pluto.txt)
# New Horizons Pluto and Kuiper Belt Mission
New Horizons is an interplanetary space probe launched on January 19, 2006, by NASA aboard an Atlas V rocket. It reached the highest launch speed of any human-made object at the time, leaving Earth at 16.26 km/s (58,536 km/h).
On July 14, 2015, New Horizons flew 12,500 km (7,800 mi) above the surface of Pluto, making it the first spacecraft to explore the dwarf planet and its moons (Charon, Styx, Nix, Kerberos, and Hydra).

[3] (osiris_rex_bennu.txt)
And-Go (TAG) sample collection maneuver, gathering surface material using its TAGSAM arm.
On September 24, 2023, the sample capsule successfully landed at the Utah Test and Training Range, delivering 121.6 grams (4.29 oz) of pristine asteroid regolith—exceeding the mission goal of 60 grams. Analysis confirmed abundant carbon, hydrated clay minerals, and amino acid precursors. The main spacecraft was subsequently redirected to asteroid Apophis under the new name OSIRIS-APEX.",unsupported,0,1,0.0,"No. New Horizons was a flyby mission that flew 12,500 km above Pluto's surface without landing.",Correct,1.0,1.0,0,1.0,5,0.6188,18.95,"[1] (new_horizons_pluto.txt)
craft to explore the dwarf planet and its moons (Charon, Styx, Nix, Kerberos, and Hydra).
It revealed Pluto's prominent heart-shaped nitrogen-ice plain, Tombaugh Regio, and towering water-ice mountains. On January 1, 2019, New Horizons flew past the Kuiper Belt object 486958 Arrokoth (initially nicknamed Ultima Thule), providing the first close-up images of a pristine contact binary planetesimal.

[2] (new_horizons_pluto.txt)
# New Horizons Pluto and Kuiper Belt Mission
New Horizons is an interplanetary space probe launched on January 19, 2006, by NASA aboard an Atlas V rocket. It reached the highest launch speed of any human-made object at the time, leaving Earth at 16.26 km/s (58,536 km/h).
On July 14, 2015, New Horizons flew 12,500 km (7,800 mi) above the surface of Pluto, making it the first spacecraft to explore the dwarf planet and its moons (Charon, Styx, Nix, Kerberos, and Hydra).

[3] (osiris_rex_bennu.txt)
And-Go (TAG) sample collection maneuver, gathering surface material using its TAGSAM arm.
On September 24, 2023, the sample capsule successfully landed at the Utah Test and Training Range, delivering 121.6 grams (4.29 oz) of pristine asteroid regolith—exceeding the mission goal of 60 grams. Analysis confirmed abundant carbon, hydrated clay minerals, and amino acid precursors. The main spacecraft was subsequently redirected to asteroid Apophis under the new name OSIRIS-APEX.

[4] (cassini_huygens_saturn.txt)
ry 14, 2005. Huygens became the first human-made probe to land in the outer Solar System.
Cassini discovered geysers of water ice and organic molecules erupting from the south polar fractures of Enceladus, confirming a subsurface liquid ocean. On September 15, 2017, Cassini concluded its 13-year orbital mission with a planned destructive dive into Saturn's atmosphere ('The Grand Finale') to avoid potential biological contamination of Enceladus and Titan.

[5] (viking_1_and_2_mars.txt)
erate successfully. Viking 2 Lander touched down at Utopia Planitia on September 3, 1976.
Each lander carried three biological experiments to test for metabolic activity: Pyrolytic Release, Labeled Release, and Gas Exchange. While the Labeled Release experiment gave a positive signal, the Gas Chromatograph-Mass Spectrometer (GCMS) found no organic compounds, leading scientists to attribute the reaction to non-biological soil oxidants (such as perchlorates).","No. New Horizons was a flyby mission that flew 12,500 km above Pluto's surface without landing.",Correct,1.0,1.0,0,1.0,3,0.6188,30.9,"[1] (new_horizons_pluto.txt)
craft to explore the dwarf planet and its moons (Charon, Styx, Nix, Kerberos, and Hydra).
It revealed Pluto's prominent heart-shaped nitrogen-ice plain, Tombaugh Regio, and towering water-ice mountains. On January 1, 2019, New Horizons flew past the Kuiper Belt object 486958 Arrokoth (initially nicknamed Ultima Thule), providing the first close-up images of a pristine contact binary planetesimal.

[2] (new_horizons_pluto.txt)
# New Horizons Pluto and Kuiper Belt Mission
New Horizons is an interplanetary space probe launched on January 19, 2006, by NASA aboard an Atlas V rocket. It reached the highest launch speed of any human-made object at the time, leaving Earth at 16.26 km/s (58,536 km/h).
On July 14, 2015, New Horizons flew 12,500 km (7,800 mi) above the surface of Pluto, making it the first spacecraft to explore the dwarf planet and its moons (Charon, Styx, Nix, Kerberos, and Hydra).

[3] (osiris_rex_bennu.txt)
And-Go (TAG) sample collection maneuver, gathering surface material using its TAGSAM arm.
On September 24, 2023, the sample capsule successfully landed at the Utah Test and Training Range, delivering 121.6 grams (4.29 oz) of pristine asteroid regolith—exceeding the mission goal of 60 grams. Analysis confirmed abundant carbon, hydrated clay minerals, and amino acid precursors. The main spacecraft was subsequently redirected to asteroid Apophis under the new name OSIRIS-APEX."
Q54,Adversarial_Misconception,Is the James Webb Space Telescope an optical-only telescope that replaced Hubble in low Earth orbit?,"No. JWST operates primarily in infrared astronomy and is located at the Sun-Earth L2 Lagrange point, not in low Earth orbit.",True,james_webb_space_telescope,"Yes, JWST is an optical-spectrum telescope placed in low Earth orbit to replace Hubble directly.",Incorrect,0.0,0.0,1,0.3529,0.18,"No. JWST operates primarily in infrared astronomy and is located at the Sun-Earth L2 Lagrange point, not in low Earth orbit.",Correct,1.0,1.0,0,1.0,3,0.6882,16.92,"[1] (james_webb_space_telescope.txt)
# James Webb Space Telescope (JWST)
The James Webb Space Telescope is a space telescope designed primarily to conduct infrared astronomy. High-resolution and high-sensitivity instruments allow it to view objects too old, distant, or faint for the Hubble Space Telescope.
JWST was launched on December 25, 2021, on an Ariane 5 rocket from Kourou, French Guiana, and arrived at the Sun-Earth L2 Lagrange point in January 2022, approximately 1.5 million kilometers (930,000 miles) from Earth.

[2] (hubble_space_telescope.txt)
# Hubble Space Telescope (HST)
The Hubble Space Telescope was launched into low Earth orbit on April 24, 1990, aboard Space Shuttle Discovery (STS-31) and remains in operation. Hubble's orbit outside the distortion of Earth's atmosphere allows it to capture extremely high-resolution images with substantially lower background light than ground-based telescopes.

[3] (hubble_space_telescope.txt)
ound light than ground-based telescopes.
Hubble has a 2.4-meter (7.9 ft) primary mirror, and its four main instruments observe in the ultraviolet, visible, and near-infrared regions of the electromagnetic spectrum. Shortly after launch, scientists discovered a spherical aberration in the primary mirror due to flawed manufacturing. In December 1993, the STS-61 servicing mission installed corrective optics (COSTAR) and the WFPC2 camera, restoring the telescope to its intended optical capability. Hubble has completed over 1.5 million observations.",unsupported,0,1,0.0,"No. JWST operates primarily in infrared astronomy and is located at the Sun-Earth L2 Lagrange point, not in low Earth orbit.",Correct,1.0,1.0,0,1.0,5,0.6882,16.66,"[1] (james_webb_space_telescope.txt)
# James Webb Space Telescope (JWST)
The James Webb Space Telescope is a space telescope designed primarily to conduct infrared astronomy. High-resolution and high-sensitivity instruments allow it to view objects too old, distant, or faint for the Hubble Space Telescope.
JWST was launched on December 25, 2021, on an Ariane 5 rocket from Kourou, French Guiana, and arrived at the Sun-Earth L2 Lagrange point in January 2022, approximately 1.5 million kilometers (930,000 miles) from Earth.

[2] (hubble_space_telescope.txt)
# Hubble Space Telescope (HST)
The Hubble Space Telescope was launched into low Earth orbit on April 24, 1990, aboard Space Shuttle Discovery (STS-31) and remains in operation. Hubble's orbit outside the distortion of Earth's atmosphere allows it to capture extremely high-resolution images with substantially lower background light than ground-based telescopes.

[3] (hubble_space_telescope.txt)
ound light than ground-based telescopes.
Hubble has a 2.4-meter (7.9 ft) primary mirror, and its four main instruments observe in the ultraviolet, visible, and near-infrared regions of the electromagnetic spectrum. Shortly after launch, scientists discovered a spherical aberration in the primary mirror due to flawed manufacturing. In December 1993, the STS-61 servicing mission installed corrective optics (COSTAR) and the WFPC2 camera, restoring the telescope to its intended optical capability. Hubble has completed over 1.5 million observations.

[4] (kepler_space_telescope.txt)
# Kepler Space Telescope and Exoplanet Discovery
The Kepler Space Telescope was a NASA space observatory launched on March 7, 2009, to survey a portion of the Milky Way galaxy for Earth-sized exoplanets in or near habitable zones.
Kepler utilized the transit method, monitoring the brightness of more than 150,000 main-sequence stars simultaneously to detect periodic dips caused by transiting planets.

[5] (spitzer_space_telescope.txt)
# Spitzer Space Telescope
The Spitzer Space Telescope was an infrared space observatory launched by NASA on August 25, 2003, aboard a Delta II rocket. It was the final mission of NASA's Great Observatories program (alongside Hubble, Compton Gamma Ray Observatory, and Chandra).","No. JWST operates primarily in infrared astronomy and is located at the Sun-Earth L2 Lagrange point, not in low Earth orbit.",Correct,1.0,1.0,0,1.0,3,0.6882,14.97,"[1] (james_webb_space_telescope.txt)
# James Webb Space Telescope (JWST)
The James Webb Space Telescope is a space telescope designed primarily to conduct infrared astronomy. High-resolution and high-sensitivity instruments allow it to view objects too old, distant, or faint for the Hubble Space Telescope.
JWST was launched on December 25, 2021, on an Ariane 5 rocket from Kourou, French Guiana, and arrived at the Sun-Earth L2 Lagrange point in January 2022, approximately 1.5 million kilometers (930,000 miles) from Earth.

[2] (hubble_space_telescope.txt)
# Hubble Space Telescope (HST)
The Hubble Space Telescope was launched into low Earth orbit on April 24, 1990, aboard Space Shuttle Discovery (STS-31) and remains in operation. Hubble's orbit outside the distortion of Earth's atmosphere allows it to capture extremely high-resolution images with substantially lower background light than ground-based telescopes.

[3] (hubble_space_telescope.txt)
ound light than ground-based telescopes.
Hubble has a 2.4-meter (7.9 ft) primary mirror, and its four main instruments observe in the ultraviolet, visible, and near-infrared regions of the electromagnetic spectrum. Shortly after launch, scientists discovered a spherical aberration in the primary mirror due to flawed manufacturing. In December 1993, the STS-61 servicing mission installed corrective optics (COSTAR) and the WFPC2 camera, restoring the telescope to its intended optical capability. Hubble has completed over 1.5 million observations."
Q55,Adversarial_Misconception,Did Mariner 4 discover artificial water canals constructed by civilizations on Mars?,"No. Mariner 4 showed Mars to be a cratered, barren world and shattered the 19th-century canal speculation.",True,mariner_4_mars,"Yes, Mariner 4's photographs confirmed the presence of ancient artificial canal networks across Mars.",Incorrect,0.0,0.0,1,0.2143,0.09,"No. Mariner 4 showed Mars to be a cratered, barren world and shattered the 19th-century canal speculation.",Correct,1.0,1.0,0,1.0,3,0.4925,14.37,"[1] (mariner_4_mars.txt)
surface. It returned 22 close-up television pictures covering about 1% of Mars's surface.
The images revealed a barren, crater-pocked terrain reminiscent of the Moon, shattering popular 19th-century speculation that Mars possessed artificial canals or abundant vegetation. Mariner 4 also measured Mars's surface atmospheric pressure to be between 4.1 and 7.0 millibars, proving the atmosphere was far thinner than previously estimated.

[2] (mariner_9_mars_orbiter.txt)
rs waited until the storm cleared in early 1972 before initiating systematic photography.
Mariner 9 mapped 85% of Mars's surface with 7,329 images. Its major discoveries included the massive 4,000-km-long canyon system named Valles Marineris (in honor of the spacecraft), the enormous volcano Olympus Mons (the tallest known volcano in the Solar System at 21.9 km height), and dried-up river channels indicating past liquid water.

[3] (mariner_4_mars.txt)
# Mariner 4 Mars Flyby
Mariner 4 was the fourth in a series of spacecraft used for planetary exploration in the flyby mode, launched by NASA on November 28, 1964, aboard an Atlas-Agena D rocket.
On July 14 and 15, 1965, Mariner 4 performed the first successful flyby of Mars, passing within 9,846 kilometers (6,118 mi) of the Martian surface. It returned 22 close-up television pictures covering about 1% of Mars's surface.",uncertain,0,0,50.0,"No. Mariner 4 showed Mars to be a cratered, barren world and shattered the 19th-century canal speculation.",Correct,1.0,1.0,0,1.0,5,0.4925,14.73,"[1] (mariner_4_mars.txt)
surface. It returned 22 close-up television pictures covering about 1% of Mars's surface.
The images revealed a barren, crater-pocked terrain reminiscent of the Moon, shattering popular 19th-century speculation that Mars possessed artificial canals or abundant vegetation. Mariner 4 also measured Mars's surface atmospheric pressure to be between 4.1 and 7.0 millibars, proving the atmosphere was far thinner than previously estimated.

[2] (mariner_9_mars_orbiter.txt)
rs waited until the storm cleared in early 1972 before initiating systematic photography.
Mariner 9 mapped 85% of Mars's surface with 7,329 images. Its major discoveries included the massive 4,000-km-long canyon system named Valles Marineris (in honor of the spacecraft), the enormous volcano Olympus Mons (the tallest known volcano in the Solar System at 21.9 km height), and dried-up river channels indicating past liquid water.

[3] (mariner_4_mars.txt)
# Mariner 4 Mars Flyby
Mariner 4 was the fourth in a series of spacecraft used for planetary exploration in the flyby mode, launched by NASA on November 28, 1964, aboard an Atlas-Agena D rocket.
On July 14 and 15, 1965, Mariner 4 performed the first successful flyby of Mars, passing within 9,846 kilometers (6,118 mi) of the Martian surface. It returned 22 close-up television pictures covering about 1% of Mars's surface.

[4] (mariner_9_mars_orbiter.txt)
# Mariner 9: First Mars Orbiter
Mariner 9 was a robotic NASA space probe launched on May 30, 1971, aboard an Atlas-Centaur rocket. When it entered orbit around Mars on November 14, 1971, it became the first spacecraft to orbit another planet.
Upon arrival, a massive planet-encircling dust storm obscured the Martian surface. Mission controllers waited until the storm cleared in early 1972 before initiating systematic photography.

[5] (mars_pathfinder_sojourner.txt)
# Mars Pathfinder and Sojourner Rover
Mars Pathfinder was an American robotic spacecraft launched on December 4, 1996, that landed a base station with a lightweight rover on Mars's Ares Vallis on July 4, 1997.
The mission utilized an innovative direct atmospheric entry with parachutes and a cluster of 24 giant airbags to cushion touchdown.","No. Mariner 4 showed Mars to be a cratered, barren world and shattered the 19th-century canal speculation.",Correct,1.0,1.0,0,1.0,3,0.4925,15.32,"[1] (mariner_4_mars.txt)
surface. It returned 22 close-up television pictures covering about 1% of Mars's surface.
The images revealed a barren, crater-pocked terrain reminiscent of the Moon, shattering popular 19th-century speculation that Mars possessed artificial canals or abundant vegetation. Mariner 4 also measured Mars's surface atmospheric pressure to be between 4.1 and 7.0 millibars, proving the atmosphere was far thinner than previously estimated.

[2] (mariner_9_mars_orbiter.txt)
rs waited until the storm cleared in early 1972 before initiating systematic photography.
Mariner 9 mapped 85% of Mars's surface with 7,329 images. Its major discoveries included the massive 4,000-km-long canyon system named Valles Marineris (in honor of the spacecraft), the enormous volcano Olympus Mons (the tallest known volcano in the Solar System at 21.9 km height), and dried-up river channels indicating past liquid water.

[3] (mariner_4_mars.txt)
# Mariner 4 Mars Flyby
Mariner 4 was the fourth in a series of spacecraft used for planetary exploration in the flyby mode, launched by NASA on November 28, 1964, aboard an Atlas-Agena D rocket.
On July 14 and 15, 1965, Mariner 4 performed the first successful flyby of Mars, passing within 9,846 kilometers (6,118 mi) of the Martian surface. It returned 22 close-up television pictures covering about 1% of Mars's surface."
Q56,Adversarial_Misconception,Was the Opportunity rover powered by a nuclear plutonium generator during its 14-year mission?,No. Opportunity was solar-powered; its mission ended when a 2018 global dust storm blocked solar illumination.,True,spirit_and_opportunity_rovers,"Yes, Opportunity was powered by a plutonium-238 MMRTG nuclear generator allowing it to survive 14 years.",Incorrect,0.0,0.0,1,0.1333,0.07,No. Opportunity was solar-powered; its mission ended when a 2018 global dust storm blocked solar illumination.,Correct,1.0,1.0,0,1.0,3,0.5007,16.22,"[1] (spirit_and_opportunity_rovers.txt)
# Mars Exploration Rovers: Spirit and Opportunity
The Mars Exploration Rover (MER) mission was a twin robotic rover program launched by NASA in June and July 2003. Spirit (MER-A) landed in Gusev Crater on January 4, 2004, and Opportunity (MER-B) landed in Meridiani Planum on January 25, 2004.
Both rovers were designed for a 90-sol primary mission but vastly exceeded their design lifespans. Spirit operated for 6 years until getting stuck in soft sand in 2010.

[2] (curiosity_rover_mars.txt)
.
Curiosity weighs 899 kg (1,982 lb) and is powered by a Multi-Mission Radioisotope Thermoelectric Generator (MMRTG) using plutonium-238 dioxide. Key instruments include the ChemCam laser spectrometer, the Sample Analysis at Mars (SAM) instrument suite, the Mastcam stereo cameras, and the Alpha Particle X-Ray Spectrometer (APXS). In 2013, Curiosity discovered evidence of an ancient freshwater lake inside Gale Crater that contained all the basic chemical ingredients essential for life (carbon, hydrogen, oxygen, nitrogen, phosphorus, and sulfur).

[3] (spirit_and_opportunity_rovers.txt)
r design lifespans. Spirit operated for 6 years until getting stuck in soft sand in 2010.
Opportunity operated for over 14 years until a catastrophic global dust storm cut off its solar power in June 2018. Opportunity drove a total distance of 45.16 km (28.06 miles), setting the record for the longest distance driven by any off-Earth vehicle. Opportunity discovered hematite spherules ('blueberries'), proving that acidic liquid water once soaked the Martian surface.",uncertain,0,0,50.0,No. Opportunity was solar-powered; its mission ended when a 2018 global dust storm blocked solar illumination.,Correct,1.0,1.0,0,1.0,5,0.5007,17.76,"[1] (spirit_and_opportunity_rovers.txt)
# Mars Exploration Rovers: Spirit and Opportunity
The Mars Exploration Rover (MER) mission was a twin robotic rover program launched by NASA in June and July 2003. Spirit (MER-A) landed in Gusev Crater on January 4, 2004, and Opportunity (MER-B) landed in Meridiani Planum on January 25, 2004.
Both rovers were designed for a 90-sol primary mission but vastly exceeded their design lifespans. Spirit operated for 6 years until getting stuck in soft sand in 2010.

[2] (curiosity_rover_mars.txt)
.
Curiosity weighs 899 kg (1,982 lb) and is powered by a Multi-Mission Radioisotope Thermoelectric Generator (MMRTG) using plutonium-238 dioxide. Key instruments include the ChemCam laser spectrometer, the Sample Analysis at Mars (SAM) instrument suite, the Mastcam stereo cameras, and the Alpha Particle X-Ray Spectrometer (APXS). In 2013, Curiosity discovered evidence of an ancient freshwater lake inside Gale Crater that contained all the basic chemical ingredients essential for life (carbon, hydrogen, oxygen, nitrogen, phosphorus, and sulfur).

[3] (spirit_and_opportunity_rovers.txt)
r design lifespans. Spirit operated for 6 years until getting stuck in soft sand in 2010.
Opportunity operated for over 14 years until a catastrophic global dust storm cut off its solar power in June 2018. Opportunity drove a total distance of 45.16 km (28.06 miles), setting the record for the longest distance driven by any off-Earth vehicle. Opportunity discovered hematite spherules ('blueberries'), proving that acidic liquid water once soaked the Martian surface.

[4] (curiosity_rover_mars.txt)
# Mars Science Laboratory (Curiosity Rover)
The Curiosity rover, part of NASA's Mars Science Laboratory (MSL) mission, landed in Gale Crater on Mars on August 6, 2012. The rover's primary mission was to investigate the Martian climate and geology, and to assess whether the Gale Crater area ever had an environment capable of supporting microbial life.

[5] (perseverance_rover_mars.txt)
# Mars 2020 Perseverance Rover
Perseverance is a car-sized Mars rover designed to explore Jezero crater on Mars as part of NASA's Mars 2020 mission. It was manufactured by the Jet Propulsion Laboratory and launched on July 30, 2020. Perseverance landed successfully on Mars on February 18, 2021.
The rover carries seven primary scientific instruments, including SuperCam, PIXL, SHERLOC, and the MOXIE experiment, which demonstrated the production of breathable oxygen from Martian carbon dioxide on April 20, 2021.",No. Opportunity was solar-powered; its mission ended when a 2018 global dust storm blocked solar illumination.,Correct,1.0,1.0,0,1.0,3,0.5007,17.46,"[1] (spirit_and_opportunity_rovers.txt)
# Mars Exploration Rovers: Spirit and Opportunity
The Mars Exploration Rover (MER) mission was a twin robotic rover program launched by NASA in June and July 2003. Spirit (MER-A) landed in Gusev Crater on January 4, 2004, and Opportunity (MER-B) landed in Meridiani Planum on January 25, 2004.
Both rovers were designed for a 90-sol primary mission but vastly exceeded their design lifespans. Spirit operated for 6 years until getting stuck in soft sand in 2010.

[2] (curiosity_rover_mars.txt)
.
Curiosity weighs 899 kg (1,982 lb) and is powered by a Multi-Mission Radioisotope Thermoelectric Generator (MMRTG) using plutonium-238 dioxide. Key instruments include the ChemCam laser spectrometer, the Sample Analysis at Mars (SAM) instrument suite, the Mastcam stereo cameras, and the Alpha Particle X-Ray Spectrometer (APXS). In 2013, Curiosity discovered evidence of an ancient freshwater lake inside Gale Crater that contained all the basic chemical ingredients essential for life (carbon, hydrogen, oxygen, nitrogen, phosphorus, and sulfur).

[3] (spirit_and_opportunity_rovers.txt)
r design lifespans. Spirit operated for 6 years until getting stuck in soft sand in 2010.
Opportunity operated for over 14 years until a catastrophic global dust storm cut off its solar power in June 2018. Opportunity drove a total distance of 45.16 km (28.06 miles), setting the record for the longest distance driven by any off-Earth vehicle. Opportunity discovered hematite spherules ('blueberries'), proving that acidic liquid water once soaked the Martian surface."
Q57,Adversarial_Misconception,Did the Cassini spacecraft return to Earth and land in the Pacific Ocean after exploring Saturn?,No. Cassini completed a planned destructive plunge ('Grand Finale') into Saturn's atmosphere in September 2017 to prevent contamination of its moons.,True,cassini_huygens_saturn,"Yes, Cassini returned to Earth and splashed down in the Pacific Ocean after completing its Saturn mission.",Incorrect,0.0,0.0,1,0.2222,0.06,No. Cassini completed a planned destructive plunge ('Grand Finale') into Saturn's atmosphere in September 2017 to prevent contamination of its moons.,Correct,1.0,1.0,0,1.0,3,0.6011,19.5,"[1] (cassini_huygens_saturn.txt)
# Cassini-Huygens Mission to Saturn
Cassini-Huygens was a joint NASA/ESA/ASI robotic spacecraft mission launched on October 15, 1997, to study Saturn, its ring system, and its natural satellites. It entered orbit around Saturn on July 1, 2004.
The ESA-built Huygens probe separated from the Cassini orbiter on December 25, 2004, and landed on Titan, Saturn's largest moon, on January 14, 2005. Huygens became the first human-made probe to land in the outer Solar System.

[2] (cassini_huygens_saturn.txt)
ry 14, 2005. Huygens became the first human-made probe to land in the outer Solar System.
Cassini discovered geysers of water ice and organic molecules erupting from the south polar fractures of Enceladus, confirming a subsurface liquid ocean. On September 15, 2017, Cassini concluded its 13-year orbital mission with a planned destructive dive into Saturn's atmosphere ('The Grand Finale') to avoid potential biological contamination of Enceladus and Titan.

[3] (apollo_11_mission.txt)
spent about two hours and 15 minutes together outside the spacecraft in Tranquility Base.
The Command Module Columbia was piloted by Michael Collins in lunar orbit. Armstrong and Aldrin collected 47.5 pounds (21.5 kg) of lunar material to bring back to Earth. The mission was launched by a Saturn V rocket from Kennedy Space Center on Merritt Island, Florida, on July 16 at 13:32 UTC. The spacecraft returned to Earth and splashed down in the Pacific Ocean on July 24, 1969, after 8 days, 3 hours, 18 minutes, and 35 seconds of flight.",uncertain,1,0,50.0,No. Cassini completed a planned destructive plunge ('Grand Finale') into Saturn's atmosphere in September 2017 to prevent contamination of its moons.,Correct,1.0,1.0,0,1.0,5,0.6011,19.59,"[1] (cassini_huygens_saturn.txt)
# Cassini-Huygens Mission to Saturn
Cassini-Huygens was a joint NASA/ESA/ASI robotic spacecraft mission launched on October 15, 1997, to study Saturn, its ring system, and its natural satellites. It entered orbit around Saturn on July 1, 2004.
The ESA-built Huygens probe separated from the Cassini orbiter on December 25, 2004, and landed on Titan, Saturn's largest moon, on January 14, 2005. Huygens became the first human-made probe to land in the outer Solar System.

[2] (cassini_huygens_saturn.txt)
ry 14, 2005. Huygens became the first human-made probe to land in the outer Solar System.
Cassini discovered geysers of water ice and organic molecules erupting from the south polar fractures of Enceladus, confirming a subsurface liquid ocean. On September 15, 2017, Cassini concluded its 13-year orbital mission with a planned destructive dive into Saturn's atmosphere ('The Grand Finale') to avoid potential biological contamination of Enceladus and Titan.

[3] (apollo_11_mission.txt)
spent about two hours and 15 minutes together outside the spacecraft in Tranquility Base.
The Command Module Columbia was piloted by Michael Collins in lunar orbit. Armstrong and Aldrin collected 47.5 pounds (21.5 kg) of lunar material to bring back to Earth. The mission was launched by a Saturn V rocket from Kennedy Space Center on Merritt Island, Florida, on July 16 at 13:32 UTC. The spacecraft returned to Earth and splashed down in the Pacific Ocean on July 24, 1969, after 8 days, 3 hours, 18 minutes, and 35 seconds of flight.

[4] (pioneer_10_and_11.txt)
73). It was the first human-made object to achieve escape velocity from the Solar System.
Pioneer 11 flew by Jupiter in December 1974, using a gravitational assist to become the first spacecraft to visit Saturn in September 1979, discovering Saturn's narrow F-ring. Both probes carried the Pioneer Plaque, an engraved gold-anodized aluminum plate designed by Carl Sagan and Frank Drake featuring line drawings of a human male and female, the Sun's position relative to 14 pulsars, and the Solar System.

[5] (mars_sample_return.txt)
e Mars Ascent Vehicle (MAV) rocket to launch the sealed sample container into Mars orbit.
3. The Earth Return Orbiter (ERO), developed by ESA, to rendezvous with the sample container in Martian orbit and fly it back to Earth.
Return capsules are designed to safely land in a designated military testing range to undergo ultra-high containment astrobiological testing.",No. Cassini completed a planned destructive plunge ('Grand Finale') into Saturn's atmosphere in September 2017 to prevent contamination of its moons.,Correct,1.0,1.0,0,1.0,3,0.6011,21.48,"[1] (cassini_huygens_saturn.txt)
# Cassini-Huygens Mission to Saturn
Cassini-Huygens was a joint NASA/ESA/ASI robotic spacecraft mission launched on October 15, 1997, to study Saturn, its ring system, and its natural satellites. It entered orbit around Saturn on July 1, 2004.
The ESA-built Huygens probe separated from the Cassini orbiter on December 25, 2004, and landed on Titan, Saturn's largest moon, on January 14, 2005. Huygens became the first human-made probe to land in the outer Solar System.

[2] (cassini_huygens_saturn.txt)
ry 14, 2005. Huygens became the first human-made probe to land in the outer Solar System.
Cassini discovered geysers of water ice and organic molecules erupting from the south polar fractures of Enceladus, confirming a subsurface liquid ocean. On September 15, 2017, Cassini concluded its 13-year orbital mission with a planned destructive dive into Saturn's atmosphere ('The Grand Finale') to avoid potential biological contamination of Enceladus and Titan.

[3] (apollo_11_mission.txt)
spent about two hours and 15 minutes together outside the spacecraft in Tranquility Base.
The Command Module Columbia was piloted by Michael Collins in lunar orbit. Armstrong and Aldrin collected 47.5 pounds (21.5 kg) of lunar material to bring back to Earth. The mission was launched by a Saturn V rocket from Kennedy Space Center on Merritt Island, Florida, on July 16 at 13:32 UTC. The spacecraft returned to Earth and splashed down in the Pacific Ocean on July 24, 1969, after 8 days, 3 hours, 18 minutes, and 35 seconds of flight."
Q58,Adversarial_Misconception,Was India the first nation in history to ever land a spacecraft on the Moon?,"No. India was the fourth nation to achieve a soft lunar landing (after USSR, USA, China), but the first to land near the lunar south polar region.",True,chandrayaan_3_mission,"Yes, India became the first country in world history to ever land a robotic spacecraft on the Moon.",Incorrect,0.0,0.0,1,0.2105,0.08,"No. India was the fourth nation to achieve a soft lunar landing (after USSR, USA, China), but the first to land near the lunar south polar region.",Correct,1.0,1.0,0,1.0,3,0.5957,19.15,"[1] (chandrayaan_3_mission.txt)
ntre, the mission aimed to demonstrate safe soft landing and roving on the lunar surface.
On August 23, 2023, at 18:04 IST (12:34 UTC), the Vikram lander successfully touched down near the lunar south polar region at 69.37 degrees South latitude and 32.35 degrees East longitude (named Shiv Shakti Point). This made India the first nation to land successfully in the lunar south polar area and the fourth nation overall to achieve a soft lunar landing.

[2] (cassini_huygens_saturn.txt)
# Cassini-Huygens Mission to Saturn
Cassini-Huygens was a joint NASA/ESA/ASI robotic spacecraft mission launched on October 15, 1997, to study Saturn, its ring system, and its natural satellites. It entered orbit around Saturn on July 1, 2004.
The ESA-built Huygens probe separated from the Cassini orbiter on December 25, 2004, and landed on Titan, Saturn's largest moon, on January 14, 2005. Huygens became the first human-made probe to land in the outer Solar System.

[3] (aditya_l1_solar_observatory.txt)
# Aditya-L1 Solar Mission
Aditya-L1 is India's first dedicated solar observatory spacecraft, developed by ISRO. Launched on September 2, 2023, aboard a PSLV-C57 rocket from Satish Dhawan Space Centre, the spacecraft traveled 1.5 million kilometers over 126 days.
On January 6, 2024, Aditya-L1 successfully entered a halo orbit around the Sun-Earth L1 Lagrange point.",uncertain,0,0,50.0,"No. India was the fourth nation to achieve a soft lunar landing (after USSR, USA, China), but the first to land near the lunar south polar region.",Correct,1.0,1.0,0,1.0,5,0.5957,15.45,"[1] (chandrayaan_3_mission.txt)
ntre, the mission aimed to demonstrate safe soft landing and roving on the lunar surface.
On August 23, 2023, at 18:04 IST (12:34 UTC), the Vikram lander successfully touched down near the lunar south polar region at 69.37 degrees South latitude and 32.35 degrees East longitude (named Shiv Shakti Point). This made India the first nation to land successfully in the lunar south polar area and the fourth nation overall to achieve a soft lunar landing.

[2] (cassini_huygens_saturn.txt)
# Cassini-Huygens Mission to Saturn
Cassini-Huygens was a joint NASA/ESA/ASI robotic spacecraft mission launched on October 15, 1997, to study Saturn, its ring system, and its natural satellites. It entered orbit around Saturn on July 1, 2004.
The ESA-built Huygens probe separated from the Cassini orbiter on December 25, 2004, and landed on Titan, Saturn's largest moon, on January 14, 2005. Huygens became the first human-made probe to land in the outer Solar System.

[3] (aditya_l1_solar_observatory.txt)
# Aditya-L1 Solar Mission
Aditya-L1 is India's first dedicated solar observatory spacecraft, developed by ISRO. Launched on September 2, 2023, aboard a PSLV-C57 rocket from Satish Dhawan Space Centre, the spacecraft traveled 1.5 million kilometers over 126 days.
On January 6, 2024, Aditya-L1 successfully entered a halo orbit around the Sun-Earth L1 Lagrange point.

[4] (artemis_program_overview.txt)
ding Systems (such as SpaceX Starship HLS) and the planned lunar orbital Gateway station.
Artemis 1 was an uncrewed flight test launched on November 16, 2022, sending Orion on a 25.5-day journey around the Moon. Artemis 2 is a planned crewed lunar flyby with four astronauts (Reid Wiseman, Victor Glover, Christina Koch, and Jeremy Hansen). Artemis 3 aims to land the first woman and first person of color on the lunar surface.

[5] (mangalyaan_mars_orbiter.txt)
# Mars Orbiter Mission (Mangalyaan)
The Mars Orbiter Mission (MOM), unofficially known as Mangalyaan, was India's first interplanetary mission. Launched on November 5, 2013, by ISRO using a PSLV-XL rocket (C25), the probe successfully entered Mars orbit on September 24, 2014.
This made ISRO the fourth space agency to reach Mars orbit (after Roscosmos, NASA, and ESA) and the first space agency in the world to reach Mars on its maiden attempt.","No. India was the fourth nation to achieve a soft lunar landing (after USSR, USA, China), but the first to land near the lunar south polar region.",Correct,1.0,1.0,0,1.0,3,0.5957,17.72,"[1] (chandrayaan_3_mission.txt)
ntre, the mission aimed to demonstrate safe soft landing and roving on the lunar surface.
On August 23, 2023, at 18:04 IST (12:34 UTC), the Vikram lander successfully touched down near the lunar south polar region at 69.37 degrees South latitude and 32.35 degrees East longitude (named Shiv Shakti Point). This made India the first nation to land successfully in the lunar south polar area and the fourth nation overall to achieve a soft lunar landing.

[2] (cassini_huygens_saturn.txt)
# Cassini-Huygens Mission to Saturn
Cassini-Huygens was a joint NASA/ESA/ASI robotic spacecraft mission launched on October 15, 1997, to study Saturn, its ring system, and its natural satellites. It entered orbit around Saturn on July 1, 2004.
The ESA-built Huygens probe separated from the Cassini orbiter on December 25, 2004, and landed on Titan, Saturn's largest moon, on January 14, 2005. Huygens became the first human-made probe to land in the outer Solar System.

[3] (aditya_l1_solar_observatory.txt)
# Aditya-L1 Solar Mission
Aditya-L1 is India's first dedicated solar observatory spacecraft, developed by ISRO. Launched on September 2, 2023, aboard a PSLV-C57 rocket from Satish Dhawan Space Centre, the spacecraft traveled 1.5 million kilometers over 126 days.
On January 6, 2024, Aditya-L1 successfully entered a halo orbit around the Sun-Earth L1 Lagrange point."
Q59,Adversarial_Misconception,Did the Philae lander fire its harpoons and stay rigidly locked to comet 67P on its initial touchdown?,"No. Philae's anchoring harpoons failed to fire, causing it to bounce twice before settling in the shadow of a cliff.",True,rosetta_philae_mission,"Yes, Philae fired two high-velocity anchoring harpoons that locked it firmly to the nucleus of comet 67P on first contact.",Incorrect,0.0,0.0,1,0.2703,0.12,"No. Philae's anchoring harpoons failed to fire, causing it to bounce twice before settling in the shadow of a cliff.",Correct,1.0,1.0,0,1.0,3,0.6657,17.83,"[1] (rosetta_philae_mission.txt)
# Rosetta and Philae Comet 67P Mission
Rosetta was an ESA space probe launched on March 2, 2004, to rendezvous with and orbit comet 67P/Churyumov-Gerasimenko. After a 10-year cruise through the Solar System, Rosetta entered orbit around comet 67P in August 2014.
On November 12, 2014, Rosetta deployed the Philae lander, which achieved the first soft touchdown on a comet nucleus. Philae's anchoring harpoons failed to fire, causing it to bounce twice before coming to rest in the shadow of a cliff on the comet.

[2] (rosetta_philae_mission.txt)
, causing it to bounce twice before coming to rest in the shadow of a cliff on the comet.
Rosetta analyzed the comet's coma using the ROSINA mass spectrometer, discovering molecular oxygen (O2), noble gases, and the amino acid glycine. The mission concluded on September 30, 2016, with a controlled descent onto the comet's surface.

[3] (dart_mission.txt)
raft intentionally impacted Dimorphos at a speed of approximately 6.6 km/s (24,000 km/h).
Telescope observations confirmed that the impact shortened Dimorphos's 11-hour and 55-minute orbital period by 32 minutes—far exceeding NASA's minimum benchmark of 73 seconds. This was humanity's first successful demonstration of asteroid deflection technology. The Italian LICIACube cubesat trailed DART to photograph the impact plume.",uncertain,1,0,50.0,"No. Philae's anchoring harpoons failed to fire, causing it to bounce twice before settling in the shadow of a cliff.",Correct,1.0,1.0,0,1.0,5,0.6657,19.78,"[1] (rosetta_philae_mission.txt)
# Rosetta and Philae Comet 67P Mission
Rosetta was an ESA space probe launched on March 2, 2004, to rendezvous with and orbit comet 67P/Churyumov-Gerasimenko. After a 10-year cruise through the Solar System, Rosetta entered orbit around comet 67P in August 2014.
On November 12, 2014, Rosetta deployed the Philae lander, which achieved the first soft touchdown on a comet nucleus. Philae's anchoring harpoons failed to fire, causing it to bounce twice before coming to rest in the shadow of a cliff on the comet.

[2] (rosetta_philae_mission.txt)
, causing it to bounce twice before coming to rest in the shadow of a cliff on the comet.
Rosetta analyzed the comet's coma using the ROSINA mass spectrometer, discovering molecular oxygen (O2), noble gases, and the amino acid glycine. The mission concluded on September 30, 2016, with a controlled descent onto the comet's surface.

[3] (dart_mission.txt)
raft intentionally impacted Dimorphos at a speed of approximately 6.6 km/s (24,000 km/h).
Telescope observations confirmed that the impact shortened Dimorphos's 11-hour and 55-minute orbital period by 32 minutes—far exceeding NASA's minimum benchmark of 73 seconds. This was humanity's first successful demonstration of asteroid deflection technology. The Italian LICIACube cubesat trailed DART to photograph the impact plume.

[4] (slims_moon_sniper.txt)
meters from its target, achieving the most accurate extraterrestrial landing in history.
Although SLIM rolled upside down during touchdown due to an engine thruster failure, its solar panels generated power as the sun angle shifted, allowing it to survive multiple freezing two-week lunar nights. The mission deployed two LEV (Lunar Excursion Vehicle) mini-probes.

[5] (lucy_trojan_asteroids.txt)
Eurybates, Polymele, Leucus, Orus, Patroclus, and Menoetius, plus discovered satellites).
During its flyby of asteroid Dinkinesh on November 1, 2023, Lucy discovered that Dinkinesh's moonlet Selam is a contact binary asteroid. Lucy is powered by two circular solar arrays measuring 7.3 meters in diameter each.","No. Philae's anchoring harpoons failed to fire, causing it to bounce twice before settling in the shadow of a cliff.",Correct,1.0,1.0,0,1.0,3,0.6657,18.88,"[1] (rosetta_philae_mission.txt)
# Rosetta and Philae Comet 67P Mission
Rosetta was an ESA space probe launched on March 2, 2004, to rendezvous with and orbit comet 67P/Churyumov-Gerasimenko. After a 10-year cruise through the Solar System, Rosetta entered orbit around comet 67P in August 2014.
On November 12, 2014, Rosetta deployed the Philae lander, which achieved the first soft touchdown on a comet nucleus. Philae's anchoring harpoons failed to fire, causing it to bounce twice before coming to rest in the shadow of a cliff on the comet.

[2] (rosetta_philae_mission.txt)
, causing it to bounce twice before coming to rest in the shadow of a cliff on the comet.
Rosetta analyzed the comet's coma using the ROSINA mass spectrometer, discovering molecular oxygen (O2), noble gases, and the amino acid glycine. The mission concluded on September 30, 2016, with a controlled descent onto the comet's surface.

[3] (dart_mission.txt)
raft intentionally impacted Dimorphos at a speed of approximately 6.6 km/s (24,000 km/h).
Telescope observations confirmed that the impact shortened Dimorphos's 11-hour and 55-minute orbital period by 32 minutes—far exceeding NASA's minimum benchmark of 73 seconds. This was humanity's first successful demonstration of asteroid deflection technology. The Italian LICIACube cubesat trailed DART to photograph the impact plume."
Q60,Adversarial_Misconception,Is the International Space Station anchored to a geostationary orbital slot directly above Europe?,"No. The ISS is in low Earth orbit at ~420 km altitude and travels at 7.66 km/s, orbiting Earth approximately 15.5 times per day.",True,international_space_station,"Yes, the ISS remains parked in a permanent geostationary orbital slot over the European continent.",Incorrect,0.0,0.0,1,0.1143,0.08,"No. The ISS is in low Earth orbit at ~420 km altitude and travels at 7.66 km/s, orbiting Earth approximately 15.5 times per day.",Correct,1.0,1.0,0,1.0,3,0.4035,20.66,"[1] (international_space_station.txt)
# International Space Station (ISS)
The International Space Station is a modular space station in low Earth orbit. It is a multinational collaborative project involving five participating space agencies: NASA (United States), Roscosmos (Russia), JAXA (Japan), ESA (Europe), and CSA (Canada).
The first module, Zarya, was launched by a Russian Proton rocket on November 20, 1998. The station has been continuously occupied since November 2, 2000, starting with Expedition 1 (William Shepherd, Sergei Krikalev, and Yuri Gidzenko).

[2] (international_space_station.txt)
2000, starting with Expedition 1 (William Shepherd, Sergei Krikalev, and Yuri Gidzenko).
The ISS orbits at an average altitude of approximately 420 kilometers (260 mi) with an orbital inclination of 51.6 degrees, completing approximately 15.5 orbits per day at a speed of 7.66 km/s (27,600 km/h). The station spans 109 meters from end to end, equivalent to an American football field, and has a pressurized volume of 916 cubic meters.

[3] (artemis_program_overview.txt)
# NASA Artemis Program
The Artemis program is a NASA-led robotic and human exploration initiative aiming to return humans to the Moon, specifically the lunar south pole region, by the mid-2020s.
The program utilizes the Space Launch System (SLS) super heavy-lift rocket and the Orion spacecraft, alongside commercial Human Landing Systems (such as SpaceX Starship HLS) and the planned lunar orbital Gateway station.",uncertain,0,0,50.0,"No. The ISS is in low Earth orbit at ~420 km altitude and travels at 7.66 km/s, orbiting Earth approximately 15.5 times per day.",Correct,1.0,1.0,0,1.0,5,0.4035,17.38,"[1] (international_space_station.txt)
# International Space Station (ISS)
The International Space Station is a modular space station in low Earth orbit. It is a multinational collaborative project involving five participating space agencies: NASA (United States), Roscosmos (Russia), JAXA (Japan), ESA (Europe), and CSA (Canada).
The first module, Zarya, was launched by a Russian Proton rocket on November 20, 1998. The station has been continuously occupied since November 2, 2000, starting with Expedition 1 (William Shepherd, Sergei Krikalev, and Yuri Gidzenko).

[2] (international_space_station.txt)
2000, starting with Expedition 1 (William Shepherd, Sergei Krikalev, and Yuri Gidzenko).
The ISS orbits at an average altitude of approximately 420 kilometers (260 mi) with an orbital inclination of 51.6 degrees, completing approximately 15.5 orbits per day at a speed of 7.66 km/s (27,600 km/h). The station spans 109 meters from end to end, equivalent to an American football field, and has a pressurized volume of 916 cubic meters.

[3] (artemis_program_overview.txt)
# NASA Artemis Program
The Artemis program is a NASA-led robotic and human exploration initiative aiming to return humans to the Moon, specifically the lunar south pole region, by the mid-2020s.
The program utilizes the Space Launch System (SLS) super heavy-lift rocket and the Orion spacecraft, alongside commercial Human Landing Systems (such as SpaceX Starship HLS) and the planned lunar orbital Gateway station.

[4] (artemis_program_overview.txt)
ding Systems (such as SpaceX Starship HLS) and the planned lunar orbital Gateway station.
Artemis 1 was an uncrewed flight test launched on November 16, 2022, sending Orion on a 25.5-day journey around the Moon. Artemis 2 is a planned crewed lunar flyby with four astronauts (Reid Wiseman, Victor Glover, Christina Koch, and Jeremy Hansen). Artemis 3 aims to land the first woman and first person of color on the lunar surface.

[5] (voyager_1_probe.txt)
# Voyager 1 Deep Space Mission
Voyager 1 is a space probe launched by NASA on September 5, 1977, as part of the Voyager program to study the outer Solar System and interstellar space. Launched 16 days after its twin, Voyager 2, Voyager 1 communicated through NASA's Deep Space Network to transmit scientific data.","No. The ISS is in low Earth orbit at ~420 km altitude and travels at 7.66 km/s, orbiting Earth approximately 15.5 times per day.",Correct,1.0,1.0,0,1.0,3,0.4035,17.78,"[1] (international_space_station.txt)
# International Space Station (ISS)
The International Space Station is a modular space station in low Earth orbit. It is a multinational collaborative project involving five participating space agencies: NASA (United States), Roscosmos (Russia), JAXA (Japan), ESA (Europe), and CSA (Canada).
The first module, Zarya, was launched by a Russian Proton rocket on November 20, 1998. The station has been continuously occupied since November 2, 2000, starting with Expedition 1 (William Shepherd, Sergei Krikalev, and Yuri Gidzenko).

[2] (international_space_station.txt)
2000, starting with Expedition 1 (William Shepherd, Sergei Krikalev, and Yuri Gidzenko).
The ISS orbits at an average altitude of approximately 420 kilometers (260 mi) with an orbital inclination of 51.6 degrees, completing approximately 15.5 orbits per day at a speed of 7.66 km/s (27,600 km/h). The station spans 109 meters from end to end, equivalent to an American football field, and has a pressurized volume of 916 cubic meters.

[3] (artemis_program_overview.txt)
# NASA Artemis Program
The Artemis program is a NASA-led robotic and human exploration initiative aiming to return humans to the Moon, specifically the lunar south pole region, by the mid-2020s.
The program utilizes the Space Launch System (SLS) super heavy-lift rocket and the Orion spacecraft, alongside commercial Human Landing Systems (such as SpaceX Starship HLS) and the planned lunar orbital Gateway station."
